--
-- PostgreSQL database dump
--

-- Dumped from database version 12.8 (Ubuntu 12.8-1.pgdg20.04+1)
-- Dumped by pg_dump version 12.8 (Ubuntu 12.8-1.pgdg20.04+1)

SET statement_timeout = 0;
SET lock_timeout = 0;
SET idle_in_transaction_session_timeout = 0;
SET client_encoding = 'UTF8';
SET standard_conforming_strings = on;
SELECT pg_catalog.set_config('search_path', '', false);
SET check_function_bodies = false;
SET xmloption = content;
SET client_min_messages = warning;
SET row_security = off;

--
-- Name: make_uid(); Type: FUNCTION; Schema: public; Owner: xiadmin
--

CREATE FUNCTION public.make_uid() RETURNS text
    LANGUAGE plpgsql
    AS $$
BEGIN 
	return  CAST( '' || trunc(random()*10) ||  trunc(random()*10) || trunc(random()*10) || trunc(random()*10) || trunc(random()*10)
                                || '-' || trunc(random()*10) || trunc(random()*10) || trunc(random()*10) || trunc(random()*10) || trunc(random()*10)
                                || '-' || trunc(random()*10) || trunc(random()*10) || trunc(random()*10) || trunc(random()*10) || trunc(random()*10)
                                || '-' || trunc(random()*10) || trunc(random()*10) || trunc(random()*10) || trunc(random()*10) || trunc(random()*10)
                                  AS varchar);
END;
$$;


ALTER FUNCTION public.make_uid() OWNER TO xiadmin;

SET default_tablespace = '';

SET default_table_access_method = heap;

--
-- Name: db_sequences; Type: TABLE; Schema: public; Owner: xiadmin
--

CREATE TABLE public.db_sequences (
    id text,
    upload_id integer,
    accession text,
    protein_name text,
    description text,
    sequence text,
    is_decoy boolean
);


ALTER TABLE public.db_sequences OWNER TO xiadmin;

--
-- Name: layouts; Type: TABLE; Schema: public; Owner: xiadmin
--

CREATE TABLE public.layouts (
    search_id text NOT NULL,
    user_id integer NOT NULL,
    "time" timestamp without time zone DEFAULT now() NOT NULL,
    layout text,
    description text
);


ALTER TABLE public.layouts OWNER TO xiadmin;

--
-- Name: modifications; Type: TABLE; Schema: public; Owner: xiadmin
--

CREATE TABLE public.modifications (
    id bigint,
    upload_id integer,
    mod_name text,
    mass double precision,
    residues text,
    accession text
);


ALTER TABLE public.modifications OWNER TO xiadmin;

--
-- Name: peptide_evidences; Type: TABLE; Schema: public; Owner: xiadmin
--

CREATE TABLE public.peptide_evidences (
    upload_id integer,
    peptide_ref text,
    dbsequence_ref text,
    protein_accession text,
    pep_start integer,
    is_decoy boolean
);


ALTER TABLE public.peptide_evidences OWNER TO xiadmin;

--
-- Name: peptides; Type: TABLE; Schema: public; Owner: xiadmin
--

CREATE TABLE public.peptides (
    id text,
    upload_id integer,
    seq_mods text,
    link_site integer,
    crosslinker_modmass double precision,
    crosslinker_pair_id character varying
);


ALTER TABLE public.peptides OWNER TO xiadmin;

--
-- Name: spectra; Type: TABLE; Schema: public; Owner: xiadmin
--

CREATE TABLE public.spectra (
    id bigint,
    upload_id integer,
    peak_list_file_name text,
    scan_id text,
    frag_tol text,
    spectrum_ref text,
    precursor_charge smallint,
    precursor_mz double precision,
    mz double precision[],
    intensity real[]
);


ALTER TABLE public.spectra OWNER TO xiadmin;

--
-- Name: spectrum_identifications; Type: TABLE; Schema: public; Owner: xiadmin
--

CREATE TABLE public.spectrum_identifications (
    id bigint,
    upload_id integer,
    spectrum_id bigint,
    pep1_id text,
    pep2_id text,
    charge_state integer,
    pass_threshold boolean,
    rank integer,
    ions text,
    scores json,
    exp_mz double precision,
    calc_mz double precision,
    meta1 character varying,
    meta2 character varying,
    meta3 character varying
);


ALTER TABLE public.spectrum_identifications OWNER TO xiadmin;

--
-- Name: uploads; Type: TABLE; Schema: public; Owner: xiadmin
--

CREATE TABLE public.uploads (
    id integer NOT NULL,
    user_id integer,
    filename text,
    peak_list_file_names json,
    analysis_software json,
    provider json,
    audits json,
    samples json,
    analyses json,
    protocol json,
    bib json,
    spectra_formats json,
    upload_time timestamp without time zone,
    default_pdb text,
    contains_crosslinks boolean,
    upload_error text,
    error_type text,
    upload_warnings json,
    origin text,
    random_id character varying DEFAULT public.make_uid(),
    deleted boolean DEFAULT false,
    ident_count bigint,
    ident_file_size bigint,
    zipped_peak_list_file_size character varying
);


ALTER TABLE public.uploads OWNER TO xiadmin;

--
-- Name: uploads_id_seq; Type: SEQUENCE; Schema: public; Owner: xiadmin
--

CREATE SEQUENCE public.uploads_id_seq
    START WITH 1
    INCREMENT BY 1
    NO MINVALUE
    NO MAXVALUE
    CACHE 1;


ALTER TABLE public.uploads_id_seq OWNER TO xiadmin;

--
-- Name: uploads_id_seq; Type: SEQUENCE OWNED BY; Schema: public; Owner: xiadmin
--

ALTER SEQUENCE public.uploads_id_seq OWNED BY public.uploads.id;


--
-- Name: user_in_group; Type: TABLE; Schema: public; Owner: xiadmin
--

CREATE TABLE public.user_in_group (
    user_id integer,
    group_id integer
);


ALTER TABLE public.user_in_group OWNER TO xiadmin;

--
-- Name: users; Type: TABLE; Schema: public; Owner: xiadmin
--

CREATE TABLE public.users (
    user_name character varying,
    password character varying,
    email character varying,
    max_aas integer,
    max_spectra integer,
    gdpr_token character varying,
    id integer NOT NULL,
    ptoken character varying,
    hidden boolean,
    ptoken_timestamp timestamp without time zone,
    gdpr_timestamp timestamp without time zone
);


ALTER TABLE public.users OWNER TO xiadmin;

--
-- Name: users_id_seq; Type: SEQUENCE; Schema: public; Owner: xiadmin
--

CREATE SEQUENCE public.users_id_seq
    START WITH 1
    INCREMENT BY 1
    NO MINVALUE
    NO MAXVALUE
    CACHE 1;


ALTER TABLE public.users_id_seq OWNER TO xiadmin;

--
-- Name: users_id_seq; Type: SEQUENCE OWNED BY; Schema: public; Owner: xiadmin
--

ALTER SEQUENCE public.users_id_seq OWNED BY public.users.id;


--
-- Name: uploads id; Type: DEFAULT; Schema: public; Owner: xiadmin
--

ALTER TABLE ONLY public.uploads ALTER COLUMN id SET DEFAULT nextval('public.uploads_id_seq'::regclass);


--
-- Name: users id; Type: DEFAULT; Schema: public; Owner: xiadmin
--

ALTER TABLE ONLY public.users ALTER COLUMN id SET DEFAULT nextval('public.users_id_seq'::regclass);


--
-- Data for Name: db_sequences; Type: TABLE DATA; Schema: public; Owner: xiadmin
--

COPY public.db_sequences (id, upload_id, accession, protein_name, description, sequence, is_decoy) FROM stdin;
P20435	1	P20435	RPAB2_YEAST	 DNA-directed RNA polymerases I, II, and III subunit RPABC2 OS=Saccharomyces cerevisiae (strain ATCC 204508 / S288c) OX=559292 GN=RPO26 PE=1 SV=1	MSDYEEAFNDGNENFEDFDVEHFSDEETYEEKPQFKDGETTDANGKTIVTGGNGPEDFQQHEQIRRKTLKEKAIPKDQRATTPYMTKYERARILGTRALQISMNAPVFVDLEGETDPLRIAMKELAEKKIPLVIRRYLPDGSFEDWSVEELIVDL	\N
P20434	1	P20434	RPAB1_YEAST	 DNA-directed RNA polymerases I, II, and III subunit RPABC1 OS=Saccharomyces cerevisiae (strain ATCC 204508 / S288c) OX=559292 GN=RPB5 PE=1 SV=1	MDQENERNISRLWRAFRTVKEMVKDRGYFITQEEVELPLEDFKAKYCDSMGRPQRKMMSFQANPTEESISKFPDMGSLWVEFCDEPSVGVKTMKTFVIHIQEKNFQTGIFVYQNNITPSAMKLVPSIPPATIETFNEAALVVNITHHELVPKHIRLSSDEKRELLKRYRLKESQLPRIQRADPVALYLGLKRGEVVKIIRKSETSGRYASYRICM	\N
P40422	1	P40422	RPAB4_YEAST	 DNA-directed RNA polymerases I, II, and III subunit RPABC4 OS=Saccharomyces cerevisiae (strain ATCC 204508 / S288c) OX=559292 GN=RPC10 PE=1 SV=1	MSREGFQIPTNLDAAAAGTSQARTATLKYICAECSSKLSLSRTDAVRCKDCGHRILLKARTKRLVQFEAR	\N
P22139	1	P22139	RPAB5_YEAST	 DNA-directed RNA polymerases I, II, and III subunit RPABC5 OS=Saccharomyces cerevisiae (strain ATCC 204508 / S288c) OX=559292 GN=RPB10 PE=1 SV=2	MIVPVRCFSCGKVVGDKWESYLNLLQEDELDEGTALSRLGLKRYCCRRMILTHVDLIEKFLRYNPLEKRD	\N
P04050	1	P04050	RPB1_YEAST	 DNA-directed RNA polymerase II subunit RPB1 OS=Saccharomyces cerevisiae (strain ATCC 204508 / S288c) OX=559292 GN=RPO21 PE=1 SV=2	MVGQQYSSAPLRTVKEVQFGLFSPEEVRAISVAKIRFPETMDETQTRAKIGGLNDPRLGSIDRNLKCQTCQEGMNECPGHFGHIDLAKPVFHVGFIAKIKKVCECVCMHCGKLLLDEHNELMRQALAIKDSKKRFAAIWTLCKTKMVCETDVPSEDDPTQLVSRGGCGNTQPTIRKDGLKLVGSWKKDRATGDADEPELRVLSTEEILNIFKHISVKDFTSLGFNEVFSRPEWMILTCLPVPPPPVRPSISFNESQRGEDDLTFKLADILKANISLETLEHNGAPHHAIEEAESLLQFHVATYMDNDIAGQPQALQKSGRPVKSIRARLKGKEGRIRGNLMGKRVDFSARTVISGDPNLELDQVGVPKSIAKTLTYPEVVTPYNIDRLTQLVRNGPNEHPGAKYVIRDSGDRIDLRYSKRAGDIQLQYGWKVERHIMDNDPVLFNRQPSLHKMSMMAHRVKVIPYSTFRLNLSVTSPYNADFDGDEMNLHVPQSEETRAELSQLCAVPLQIVSPQSNKPCMGIVQDTLCGIRKLTLRDTFIELDQVLNMLYWVPDWDGVIPTPAIIKPKPLWSGKQILSVAIPNGIHLQRFDEGTTLLSPKDNGMLIIDGQIIFGVVEKKTVGSSNGGLIHVVTREKGPQVCAKLFGNIQKVVNFWLLHNGFSTGIGDTIADGPTMREITETIAEAKKKVLDVTKEAQANLLTAKHGMTLRESFEDNVVRFLNEARDKAGRLAEVNLKDLNNVKQMVMAGSKGSFINIAQMSACVGQQSVEGKRIAFGFVDRTLPHFSKDDYSPESKGFVENSYLRGLTPQEFFFHAMGGREGLIDTAVKTAETGYIQRRLVKALEDIMVHYDNTTRNSLGNVIQFIYGEDGMDAAHIEKQSLDTIGGSDAAFEKRYRVDLLNTDHTLDPSLLESGSEILGDLKLQVLLDEEYKQLVKDRKFLREVFVDGEANWPLPVNIRRIIQNAQQTFHIDHTKPSDLTIKDIVLGVKDLQENLLVLRGKNEIIQNAQRDAVTLFCCLLRSRLATRRVLQEYRLTKQAFDWVLSNIEAQFLRSVVHPGEMVGVLAAQSIGEPATQMTLNTFHFAGVASKKVTSGVPRLKEILNVAKNMKTPSLTVYLEPGHAADQEQAKLIRSAIEHTTLKSVTIASEIYYDPDPRSTVIPEDEEIIQLHFSLLDEEAEQSFDQQSPWLLRLELDRAAMNDKDLTMGQVGERIKQTFKNDLFVIWSEDNDEKLIIRCRVVRPKSLDAETEAEEDHMLKKIENTMLENITLRGVENIERVVMMKYDRKVPSPTGEYVKEPEWVLETDGVNLSEVMTVPGIDPTRIYTNSFIDIMEVLGIEAGRAALYKEVYNVIASDGSYVNYRHMALLVDVMTTQGGLTSVTRHGFNRSNTGALMRCSFEETVEILFEAGASAELDDCRGVSENVILGQMAPIGTGAFDVMIDEESLVKYMPEQKITEIEDGQDGGVTPYSNESGLVNADLDVKDELMFSPLVDSGSNDAMAGGFTAYGGADYGEATSPFGAYGEAPTSPGFGVSSPGFSPTSPTYSPTSPAYSPTSPSYSPTSPSYSPTSPSYSPTSPSYSPTSPSYSPTSPSYSPTSPSYSPTSPSYSPTSPSYSPTSPSYSPTSPSYSPTSPSYSPTSPSYSPTSPSYSPTSPAYSPTSPSYSPTSPSYSPTSPSYSPTSPSYSPTSPNYSPTSPSYSPTSPGYSPGSPAYSPKQDEQKHNENENSR	\N
P20433	1	P20433	RPB4_YEAST	 DNA-directed RNA polymerase II subunit RPB4 OS=Saccharomyces cerevisiae (strain ATCC 204508 / S288c) OX=559292 GN=RPB4 PE=1 SV=1	MNVSTSTFQTRRRRLKKVEEEENAATLQLGQEFQLKQINHQGEEEELIALNLSEARLVIKEALVERRRAFKRSQKKHKKKHLKHENANDETTAVEDEDDDLDEDDVNADDDDFMHSETREKELESIDVLLEQTTGGNNKDLKNTMQYLTNFSRFRDQETVGAVIQLLKSTGLHPFEVAQLGSLACDTADEAKTLIPSLNNKISDDELERILKELSNLETLY	\N
P27999	1	P27999	RPB9_YEAST	 DNA-directed RNA polymerase II subunit RPB9 OS=Saccharomyces cerevisiae (strain ATCC 204508 / S288c) OX=559292 GN=RPB9 PE=1 SV=1	MTTFRFCRDCNNMLYPREDKENNRLLFECRTCSYVEEAGSPLVYRHELITNIGETAGVVQDIGSDPTLPRSDRECPKCHSRENVFFQSQQRRKDTSMVLFFVCLSCSHIFTSDQKNKRTQFS	\N
P08518	1	P08518	RPB2_YEAST	 DNA-directed RNA polymerase II subunit RPB2 OS=Saccharomyces cerevisiae (strain ATCC 204508 / S288c) OX=559292 GN=RPB2 PE=1 SV=2	MSDLANSEKYYDEDPYGFEDESAPITAEDSWAVISAFFREKGLVSQQLDSFNQFVDYTLQDIICEDSTLILEQLAQHTTESDNISRKYEISFGKIYVTKPMVNESDGVTHALYPQEARLRNLTYSSGLFVDVKKRTYEAIDVPGRELKYELIAEESEDDSESGKVFIGRLPIMLRSKNCYLSEATESDLYKLKECPFDMGGYFIINGSEKVLIAQERSAGNIVQVFKKAAPSPISHVAEIRSALEKGSRFISTLQVKLYGREGSSARTIKATLPYIKQDIPIVIIFRALGIIPDGEILEHICYDVNDWQMLEMLKPCVEDGFVIQDRETALDFIGRRGTALGIKKEKRIQYAKDILQKEFLPHITQLEGFESRKAFFLGYMINRLLLCALDRKDQDDRDHFGKKRLDLAGPLLAQLFKTLFKKLTKDIFRYMQRTVEEAHDFNMKLAINAKTITSGLKYALATGNWGEQKKAMSSRAGVSQVLNRYTYSSTLSHLRRTNTPIGRDGKLAKPRQLHNTHWGLVCPAETPEGQACGLVKNLSLMSCISVGTDPMPIITFLSEWGMEPLEDYVPHQSPDATRVFVNGVWHGVHRNPARLMETLRTLRRKGDINPEVSMIRDIREKELKIFTDAGRVYRPLFIVEDDESLGHKELKVRKGHIAKLMATEYQDIEGGFEDVEEYTWSSLLNEGLVEYIDAEEEESILIAMQPEDLEPAEANEENDLDVDPAKRIRVSHHATTFTHCEIHPSMILGVAASIIPFPDHNQSPRNTYQSAMGKQAMGVFLTNYNVRMDTMANILYYPQKPLGTTRAMEYLKFRELPAGQNAIVAIACYSGYNQEDSMIMNQSSIDRGLFRSLFFRSYMDQEKKYGMSITETFEKPQRTNTLRMKHGTYDKLDDDGLIAPGVRVSGEDVIIGKTTPISPDEEELGQRTAYHSKRDASTPLRSTENGIVDQVLVTTNQDGLKFVKVRVRTTKIPQIGDKFASRHGQKGTIGITYRREDMPFTAEGIVPDLIINPHAIPSRMTVAHLIECLLSKVAALSGNEGDASPFTDITVEGISKLLREHGYQSRGFEVMYNGHTGKKLMAQIFFGPTYYQRLRHMVDDKIHARARGPMQVLTRQPVEGRSRDGGLRFGEMERDCMIAHGAASFLKERLMEASDAFRVHICGICGLMTVIAKLNHNQFECKGCDNKIDIYQIHIPYAAKLLFQELMAMNITPRLYTDRSRDF	\N
P16370	1	P16370	RPB3_YEAST	 DNA-directed RNA polymerase II subunit RPB3 OS=Saccharomyces cerevisiae (strain ATCC 204508 / S288c) OX=559292 GN=RPB3 PE=1 SV=2	MSEEGPQVKIREASKDNVDFILSNVDLAMANSLRRVMIAEIPTLAIDSVEVETNTTVLADEFIAHRLGLIPLQSMDIEQLEYSRDCFCEDHCDKCSVVLTLQAFGESESTTNVYSKDLVIVSNLMGRNIGHPIIQDKEGNGVLICKLRKGQELKLTCVAKKGIAKEHAKWGPAAAIEFEYDPWNKLKHTDYWYEQDSAKEWPQSKNCEYEDPPNEGDPFDYKAQADTFYMNVESVGSIPVDQVVVRGIDTLQKKVASILLALTQMDQDKVNFASGDNNTASNMLGSNEDVMMTGAEQDPYSNASQMGNTGSGGYDNAW	\N
P20436	1	P20436	RPAB3_YEAST	 DNA-directed RNA polymerases I, II, and III subunit RPABC3 OS=Saccharomyces cerevisiae (strain ATCC 204508 / S288c) OX=559292 GN=RPB8 PE=1 SV=1	MSNTLFDDIFQVSEVDPGRYNKVCRIEAASTTQDQCKLTLDINVELFPVAAQDSLTVTIASSLNLEDTPANDSSATRSWRPPQAGDRSLADDYDYVMYGTAYKFEEVSKDLIAVYYSFGGLLMRLEGNYRNLNNLKQENAYLLIRR	\N
P34087	1	P34087	RPB7_YEAST	 DNA-directed RNA polymerase II subunit RPB7 OS=Saccharomyces cerevisiae (strain ATCC 204508 / S288c) OX=559292 GN=RPB7 PE=1 SV=1	MFFIKDLSLNITLHPSFFGPRMKQYLKTKLLEEVEGSCTGKFGYILCVLDYDNIDIQRGRILPTDGSAEFNVKYRAVVFKPFKGEVVDGTVVSCSQHGFEVQVGPMKVFVTKHLMPQDLTFNAGSNPPSYQSSEDVITIKSRIRVKIEGCISQVSSIHAIGSIKEDYLGAI	\N
DECOY:P20434	1	DECOY:P20434	DECOY:P20434		\N	\N
DECOY:P08518	1	DECOY:P08518	DECOY:P08518		\N	\N
DECOY:P04050	1	DECOY:P04050	DECOY:P04050		\N	\N
P38902	1	P38902	RPB11_YEAST	 DNA-directed RNA polymerase II subunit RPB11 OS=Saccharomyces cerevisiae (strain ATCC 204508 / S288c) OX=559292 GN=RPB11 PE=1 SV=1	MNAPDRFELFLLGEGESKLKIDPDTKAPNAVVITFEKEDHTLGNLIRAELLNDRKVLFAAYKVEHPFFARFKLRIQTTEGYDPKDALKNACNSIINKLGALKTNFETEWNLQTLAADDAF	\N
\.


--
-- Data for Name: layouts; Type: TABLE DATA; Schema: public; Owner: xiadmin
--

COPY public.layouts (search_id, user_id, "time", layout, description) FROM stdin;
\.


--
-- Data for Name: modifications; Type: TABLE DATA; Schema: public; Owner: xiadmin
--

COPY public.modifications (id, upload_id, mod_name, mass, residues, accession) FROM stdin;
\.


--
-- Data for Name: peptide_evidences; Type: TABLE DATA; Schema: public; Owner: xiadmin
--

COPY public.peptide_evidences (upload_id, peptide_ref, dbsequence_ref, protein_accession, pep_start, is_decoy) FROM stdin;
1	0	P04050	P04050	638	f
1	1	P38902	P38902	19	f
1	2	P04050	P04050	2	f
1	3	P04050	P04050	421	f
1	4	P04050	P04050	638	f
1	5	P38902	P38902	21	f
1	6	P08518	P08518	505	f
1	7	P08518	P08518	228	f
1	8	P04050	P04050	1113	f
1	9	P04050	P04050	1200	f
1	10	P08518	P08518	228	f
1	11	P08518	P08518	250	f
1	12	P04050	P04050	1200	f
1	13	P04050	P04050	1113	f
1	14	P04050	P04050	638	f
1	15	P38902	P38902	21	f
1	16	P04050	P04050	1200	f
1	17	P04050	P04050	1113	f
1	18	P34087	P34087	28	f
1	19	P20433	P20433	1	f
1	20	P08518	P08518	1136	f
1	21	P04050	P04050	2	f
1	22	P04050	P04050	636	f
1	23	P38902	P38902	19	f
1	24	P34087	P34087	28	f
1	25	P20433	P20433	1	f
1	26	P04050	P04050	2	f
1	27	P34087	P34087	28	f
1	28	P04050	P04050	638	f
1	29	P38902	P38902	19	f
1	30	P04050	P04050	1262	f
1	31	P27999	P27999	31	f
1	32	P04050	P04050	1002	f
1	33	P20433	P20433	1	f
1	34	P04050	P04050	638	f
1	35	P38902	P38902	21	f
1	36	P08518	P08518	95	f
1	37	P08518	P08518	178	f
1	38	P08518	P08518	349	f
1	39	P08518	P08518	338	f
1	40	P04050	P04050	636	f
1	41	P38902	P38902	19	f
1	42	P04050	P04050	2	f
1	43	P20433	P20433	120	f
1	44	P04050	P04050	13	f
1	45	P20433	P20433	2	f
1	46	P08518	P08518	242	f
1	47	P08518	P08518	228	f
1	48	P04050	P04050	638	f
1	49	P38902	P38902	21	f
1	50	P04050	P04050	638	f
1	51	P38902	P38902	19	f
1	52	P04050	P04050	1200	f
1	53	P04050	P04050	1113	f
1	54	P08518	P08518	505	f
1	55	P08518	P08518	228	f
1	56	P04050	P04050	1110	f
1	57	P04050	P04050	753	f
1	58	P08518	P08518	95	f
1	59	P08518	P08518	149	f
1	60	P04050	P04050	1242	f
1	61	P04050	P04050	1216	f
1	62	P08518	P08518	1184	f
1	63	P04050	P04050	2	f
1	64	P04050	P04050	13	f
1	65	P20433	P20433	1	f
1	66	P04050	P04050	13	f
1	67	P20433	P20433	1	f
1	68	P04050	P04050	124	f
1	69	P20433	P20433	1	f
1	70	P08518	P08518	95	f
1	71	P08518	P08518	178	f
1	72	P08518	P08518	228	f
1	73	P08518	P08518	218	f
1	74	P08518	P08518	1034	f
1	75	P16370	P16370	188	f
1	76	P04050	P04050	1113	f
1	77	P04050	P04050	1282	f
1	78	P04050	P04050	638	f
1	79	P38902	P38902	19	f
1	80	P04050	P04050	460	f
1	81	P04050	P04050	351	f
1	82	P04050	P04050	1113	f
1	83	P04050	P04050	690	f
1	84	P38902	P38902	85	f
1	85	P38902	P38902	55	f
1	86	P04050	P04050	2	f
1	87	P04050	P04050	64	f
1	88	P08518	P08518	228	f
1	89	P08518	P08518	505	f
1	90	P04050	P04050	124	f
1	91	P20433	P20433	1	f
1	92	P04050	P04050	13	f
1	93	P20433	P20433	2	f
1	94	P04050	P04050	13	f
1	95	P20433	P20433	1	f
1	96	P04050	P04050	1101	f
1	97	P04050	P04050	1110	f
1	98	P04050	P04050	1113	f
1	99	P04050	P04050	690	f
1	100	P04050	P04050	638	f
1	101	P38902	P38902	19	f
1	102	P38902	P38902	27	f
1	103	P38902	P38902	19	f
1	104	P08518	P08518	1184	f
1	105	P20433	P20433	1	f
1	106	P08518	P08518	1034	f
1	107	P16370	P16370	188	f
1	108	P38902	P38902	85	f
1	109	P38902	P38902	55	f
1	110	P08518	P08518	1097	f
1	111	P08518	P08518	973	f
1	112	P16370	P16370	128	f
1	113	P16370	P16370	12	f
1	114	P20434	P20434	44	f
1	115	P20434	P20434	18	f
1	116	P08518	P08518	95	f
1	117	P08518	P08518	178	f
1	118	P08518	P08518	228	f
1	119	P08518	P08518	250	f
1	120	P08518	P08518	95	f
1	121	P08518	P08518	149	f
1	122	P04050	P04050	2	f
1	123	P04050	P04050	421	f
1	124	P08518	P08518	505	f
1	125	P04050	P04050	1101	f
1	126	P04050	P04050	1101	f
1	127	P04050	P04050	1110	f
1	128	P08518	P08518	242	f
1	129	P08518	P08518	424	f
1	130	P04050	P04050	1093	f
1	131	P04050	P04050	822	f
1	132	P04050	P04050	1093	f
1	133	P04050	P04050	1110	f
1	134	P08518	P08518	505	f
1	135	P04050	P04050	329	f
1	136	P04050	P04050	1101	f
1	137	P04050	P04050	1110	f
1	138	P04050	P04050	1093	f
1	139	P04050	P04050	822	f
1	140	P04050	P04050	460	f
1	141	P04050	P04050	351	f
1	142	P04050	P04050	1093	f
1	143	P04050	P04050	1110	f
1	144	P08518	P08518	228	f
1	145	P08518	P08518	505	f
1	146	P20434	P20434	170	f
1	147	P20435	P20435	67	f
1	148	P04050	P04050	1093	f
1	149	P04050	P04050	1101	f
1	150	P04050	P04050	696	f
1	151	P04050	P04050	1113	f
1	152	P20434	P20434	201	f
1	153	P04050	P04050	925	f
1	154	P04050	P04050	2	f
1	155	P04050	P04050	64	f
1	156	P08518	P08518	885	f
1	157	P08518	P08518	866	f
1	158	P08518	P08518	505	f
1	159	P04050	P04050	1101	f
1	160	P08518	P08518	1097	f
1	161	P08518	P08518	973	f
1	162	P08518	P08518	242	f
1	163	P08518	P08518	354	f
1	164	P04050	P04050	1101	f
1	165	P04050	P04050	822	f
1	166	P08518	P08518	505	f
1	167	P04050	P04050	329	f
1	168	P16370	P16370	128	f
1	169	P16370	P16370	12	f
1	170	P04050	P04050	1093	f
1	171	P04050	P04050	753	f
1	172	P08518	P08518	885	f
1	173	P04050	P04050	369	f
1	174	P08518	P08518	929	f
1	175	P04050	P04050	2	f
1	176	P08518	P08518	228	f
1	177	P08518	P08518	505	f
1	178	P04050	P04050	1101	f
1	179	P04050	P04050	1110	f
1	180	P08518	P08518	242	f
1	181	P08518	P08518	424	f
1	182	P04050	P04050	1282	f
1	183	P04050	P04050	1113	f
1	184	P04050	P04050	2	f
1	185	P04050	P04050	48	f
1	186	P20434	P20434	181	f
1	187	P20434	P20434	193	f
1	188	P04050	P04050	2	f
1	189	P04050	P04050	64	f
1	190	P16370	P16370	128	f
1	191	P16370	P16370	12	f
1	192	P20433	P20433	57	f
1	193	P20433	P20433	120	f
1	194	P04050	P04050	369	f
1	195	P04050	P04050	394	f
1	196	P04050	P04050	1282	f
1	197	P04050	P04050	1113	f
1	198	P40422	P40422	48	f
1	199	P40422	P40422	24	f
1	200	P08518	P08518	228	f
1	201	P08518	P08518	505	f
1	202	P04050	P04050	2	f
1	203	P04050	P04050	13	f
1	204	P08518	P08518	1097	f
1	205	P04050	P04050	329	f
1	206	P08518	P08518	242	f
1	207	P08518	P08518	228	f
1	208	P04050	P04050	1282	f
1	209	P04050	P04050	696	f
1	210	P08518	P08518	242	f
1	211	P08518	P08518	354	f
1	212	P20434	P20434	202	f
1	213	P04050	P04050	925	f
1	214	P08518	P08518	808	f
1	215	P22139	P22139	49	f
1	216	P08518	P08518	176	f
1	217	P22139	P22139	63	f
1	218	P08518	P08518	178	f
1	219	P22139	P22139	63	f
1	220	P04050	P04050	1093	f
1	221	P04050	P04050	1110	f
1	222	P04050	P04050	831	f
1	223	P04050	P04050	329	f
1	224	P08518	P08518	1136	f
1	225	P04050	P04050	2	f
1	226	P20434	P20434	201	f
1	227	P04050	P04050	925	f
1	228	P08518	P08518	242	f
1	229	P08518	P08518	423	f
1	230	P04050	P04050	636	f
1	231	P38902	P38902	21	f
1	232	P04050	P04050	696	f
1	233	P04050	P04050	1113	f
1	234	P04050	P04050	1216	f
1	235	P04050	P04050	1242	f
1	236	P04050	P04050	1242	f
1	237	P04050	P04050	1218	f
1	238	P04050	P04050	101	f
1	239	P04050	P04050	135	f
1	240	P04050	P04050	636	f
1	241	P38902	P38902	21	f
1	242	P38902	P38902	55	f
1	243	P38902	P38902	75	f
1	244	P08518	P08518	242	f
1	245	P08518	P08518	349	f
1	246	P08518	P08518	505	f
1	247	P08518	P08518	228	f
1	248	P20435	P20435	129	f
1	249	P20435	P20435	120	f
1	250	P04050	P04050	124	f
1	251	P20433	P20433	2	f
1	252	P04050	P04050	1093	f
1	253	P04050	P04050	753	f
1	254	P04050	P04050	696	f
1	255	P04050	P04050	689	f
1	256	P08518	P08518	228	f
1	257	P08518	P08518	505	f
1	258	P04050	P04050	963	f
1	259	P20436	P20436	131	f
1	260	P16370	P16370	128	f
1	261	P16370	P16370	12	f
1	262	P20434	P20434	170	f
1	263	P04050	P04050	13	f
1	264	P04050	P04050	1093	f
1	265	P04050	P04050	696	f
1	266	P04050	P04050	1242	f
1	267	P27999	P27999	18	f
1	268	P08518	P08518	228	f
1	269	P08518	P08518	505	f
1	270	P04050	P04050	1101	f
1	271	P04050	P04050	1110	f
1	272	P04050	P04050	1002	f
1	273	P20435	P20435	73	f
1	274	P04050	P04050	460	f
1	275	P04050	P04050	351	f
1	276	P20434	P20434	170	f
1	277	P04050	P04050	13	f
1	278	P04050	P04050	636	f
1	279	P38902	P38902	19	f
1	280	P08518	P08518	505	f
1	281	P04050	P04050	1101	f
1	282	P08518	P08518	1136	f
1	283	P04050	P04050	2	f
1	284	P08518	P08518	349	f
1	285	P08518	P08518	338	f
1	286	P20434	P20434	170	f
1	287	P20433	P20433	1	f
1	288	P04050	P04050	636	f
1	289	P38902	P38902	21	f
1	290	P20434	P20434	170	f
1	291	P20435	P20435	68	f
1	292	P16370	P16370	128	f
1	293	P16370	P16370	12	f
1	294	P20434	P20434	201	f
1	295	P04050	P04050	935	f
1	296	P04050	P04050	1282	f
1	297	P04050	P04050	696	f
1	298	P04050	P04050	1093	f
1	299	P04050	P04050	690	f
1	300	P20434	P20434	170	f
1	301	P20435	P20435	37	f
1	302	P08518	P08518	505	f
1	303	P04050	P04050	1101	f
1	304	P08518	P08518	228	f
1	305	P08518	P08518	505	f
1	306	P04050	P04050	636	f
1	307	P38902	P38902	21	f
1	308	P20434	P20434	170	f
1	309	P04050	P04050	124	f
1	310	P08518	P08518	1034	f
1	311	P16370	P16370	188	f
1	312	P04050	P04050	13	f
1	313	P20435	P20435	68	f
1	314	P08518	P08518	505	f
1	315	P04050	P04050	1101	f
1	316	P08518	P08518	349	f
1	317	P08518	P08518	338	f
1	318	P04050	P04050	636	f
1	319	P38902	P38902	21	f
1	320	P08518	P08518	349	f
1	321	P08518	P08518	338	f
1	322	P38902	P38902	27	f
1	323	P38902	P38902	19	f
1	324	P20434	P20434	170	f
1	325	P04050	P04050	124	f
1	326	P04050	P04050	321	f
1	327	P04050	P04050	329	f
1	328	P38902	P38902	48	f
1	329	P38902	P38902	85	f
1	330	P08518	P08518	1097	f
1	331	P08518	P08518	973	f
1	332	P04050	P04050	1242	f
1	333	P04050	P04050	1216	f
1	334	P20434	P20434	201	f
1	335	P04050	P04050	935	f
1	336	P08518	P08518	228	f
1	337	P08518	P08518	271	f
1	338	P04050	P04050	1282	f
1	339	P04050	P04050	696	f
1	340	P08518	P08518	349	f
1	341	P08518	P08518	338	f
1	342	P04050	P04050	321	f
1	343	P04050	P04050	329	f
1	344	P04050	P04050	1216	f
1	345	P04050	P04050	1242	f
1	346	P08518	P08518	858	f
1	347	P40422	P40422	55	f
1	348	P08518	P08518	505	f
1	349	P04050	P04050	1101	f
1	350	P04050	P04050	1093	f
1	351	P04050	P04050	1110	f
1	352	P04050	P04050	1093	f
1	353	P04050	P04050	753	f
1	354	P04050	P04050	13	f
1	355	P20435	P20435	68	f
1	356	P20433	P20433	57	f
1	357	P20433	P20433	213	f
1	358	P20434	P20434	170	f
1	359	P20435	P20435	71	f
1	360	P08518	P08518	178	f
1	361	P16370	P16370	149	f
1	362	P08518	P08518	505	f
1	363	P04050	P04050	329	f
1	364	P04050	P04050	1101	f
1	365	P04050	P04050	822	f
1	366	P08518	P08518	1184	f
1	367	P20433	P20433	1	f
1	368	P20434	P20434	181	f
1	369	P20434	P20434	156	f
1	370	P08518	P08518	178	f
1	371	P22139	P22139	63	f
1	372	P04050	P04050	1242	f
1	373	P27999	P27999	18	f
1	374	P04050	P04050	1242	f
1	375	P27999	P27999	18	f
1	376	P04050	P04050	1242	f
1	377	P27999	P27999	18	f
1	378	P04050	P04050	636	f
1	379	P38902	P38902	19	f
1	380	P20434	P20434	56	f
1	381	P20434	P20434	44	f
1	382	P04050	P04050	1262	f
1	383	P04050	P04050	1218	f
1	384	P04050	P04050	460	f
1	385	P04050	P04050	638	f
1	386	P04050	P04050	1002	f
1	387	P20435	P20435	67	f
1	388	P04050	P04050	1110	f
1	389	P04050	P04050	822	f
1	390	P04050	P04050	1002	f
1	391	P20435	P20435	67	f
1	392	P38902	P38902	48	f
1	393	P38902	P38902	75	f
1	394	P04050	P04050	1113	f
1	395	P04050	P04050	690	f
1	396	P04050	P04050	1093	f
1	397	P04050	P04050	696	f
1	398	P04050	P04050	1093	f
1	399	P04050	P04050	696	f
1	400	P08518	P08518	929	f
1	401	P08518	P08518	915	f
1	402	P04050	P04050	13	f
1	403	P20435	P20435	71	f
1	404	P16370	P16370	149	f
1	405	P22139	P22139	63	f
1	406	P08518	P08518	505	f
1	407	P04050	P04050	1101	f
1	408	P20434	P20434	44	f
1	409	P20434	P20434	56	f
1	410	P20434	P20434	170	f
1	411	P20433	P20433	1	f
1	412	P04050	P04050	1093	f
1	413	P04050	P04050	753	f
1	414	P08518	P08518	505	f
1	415	P04050	P04050	1110	f
1	416	P16370	P16370	150	f
1	417	P22139	P22139	63	f
1	418	P04050	P04050	636	f
1	419	P38902	P38902	21	f
1	420	P08518	P08518	228	f
1	421	P08518	P08518	505	f
1	422	P04050	P04050	1110	f
1	423	P04050	P04050	822	f
1	424	P08518	P08518	606	f
1	425	P08518	P08518	633	f
1	426	P20434	P20434	44	f
1	427	P20434	P20434	18	f
1	428	P08518	P08518	505	f
1	429	P04050	P04050	831	f
1	430	P38902	P38902	55	f
1	431	P38902	P38902	75	f
1	432	P04050	P04050	636	f
1	433	P38902	P38902	19	f
1	434	P04050	P04050	1113	f
1	435	P04050	P04050	690	f
1	436	P38902	P38902	27	f
1	437	P16370	P16370	155	f
1	438	P04050	P04050	13	f
1	439	P20435	P20435	71	f
1	440	P20434	P20434	170	f
1	441	P20434	P20434	156	f
1	442	P04050	P04050	636	f
1	443	P38902	P38902	19	f
1	444	P04050	P04050	696	f
1	445	P04050	P04050	1113	f
1	446	P08518	P08518	865	f
1	447	P08518	P08518	929	f
1	448	P04050	P04050	1093	f
1	449	P04050	P04050	1290	f
1	450	P20434	P20434	201	f
1	451	P04050	P04050	925	f
1	452	P04050	P04050	935	f
1	453	P04050	P04050	985	f
1	454	P34087	P34087	28	f
1	455	P20433	P20433	2	f
1	456	P08518	P08518	178	f
1	457	P22139	P22139	63	f
1	458	P04050	P04050	1242	f
1	459	P27999	P27999	18	f
1	460	P20436	P20436	131	f
1	461	P20436	P20436	125	f
1	462	P20434	P20434	170	f
1	463	P04050	P04050	124	f
1	464	P20434	P20434	168	f
1	465	P04050	P04050	124	f
1	466	P08518	P08518	424	f
1	467	P08518	P08518	471	f
1	468	P34087	P34087	61	f
1	469	P20435	P20435	71	f
1	470	P04050	P04050	37	f
1	471	P04050	P04050	29	f
1	472	P20434	P20434	156	f
1	473	P04050	P04050	124	f
1	474	P04050	P04050	636	f
1	475	P38902	P38902	21	f
1	476	P04050	P04050	831	f
1	477	P04050	P04050	329	f
1	478	P08518	P08518	505	f
1	479	P04050	P04050	329	f
1	480	P38902	P38902	48	f
1	481	P38902	P38902	85	f
1	482	P38902	P38902	55	f
1	483	P38902	P38902	89	f
1	484	P08518	P08518	178	f
1	485	P22139	P22139	63	f
1	486	P08518	P08518	505	f
1	487	P04050	P04050	1093	f
1	488	P08518	P08518	178	f
1	489	P16370	P16370	149	f
1	490	P38902	P38902	55	f
1	491	P38902	P38902	75	f
1	492	P04050	P04050	831	f
1	493	P04050	P04050	329	f
1	494	P08518	P08518	885	f
1	495	P04050	P04050	369	f
1	496	P04050	P04050	1282	f
1	497	P04050	P04050	1113	f
1	498	P04050	P04050	338	f
1	499	P04050	P04050	2	f
1	500	P04050	P04050	1242	f
1	501	P27999	P27999	18	f
1	502	DECOY:P04050	DECOY:P04050	1327	t
1	503	P04050	P04050	369	f
1	504	P04050	P04050	636	f
1	505	P38902	P38902	19	f
1	506	P08518	P08518	929	f
1	507	P08518	P08518	858	f
1	508	P20434	P20434	156	f
1	509	P04050	P04050	124	f
1	510	P20433	P20433	57	f
1	511	P20433	P20433	140	f
1	512	P20434	P20434	170	f
1	513	P20435	P20435	71	f
1	514	P08518	P08518	228	f
1	515	P08518	P08518	250	f
1	516	P08518	P08518	471	f
1	517	P08518	P08518	424	f
1	518	DECOY:P04050	DECOY:P04050	1327	t
1	519	P04050	P04050	369	f
1	520	P04050	P04050	338	f
1	521	P04050	P04050	329	f
1	522	P20434	P20434	170	f
1	523	P20435	P20435	71	f
1	524	P20434	P20434	201	f
1	525	P20434	P20434	123	f
1	526	P04050	P04050	638	f
1	527	P38902	P38902	19	f
1	528	P04050	P04050	2	f
1	529	P04050	P04050	64	f
1	530	P08518	P08518	606	f
1	531	P08518	P08518	633	f
1	532	P40422	P40422	48	f
1	533	P40422	P40422	24	f
1	534	P08518	P08518	973	f
1	535	P08518	P08518	984	f
1	536	P08518	P08518	424	f
1	537	P08518	P08518	354	f
1	538	P04050	P04050	1242	f
1	539	P04050	P04050	1218	f
1	540	P04050	P04050	369	f
1	541	P04050	P04050	394	f
1	542	P20434	P20434	181	f
1	543	P20434	P20434	156	f
1	544	P08518	P08518	505	f
1	545	P04050	P04050	1110	f
1	546	P04050	P04050	48	f
1	547	P04050	P04050	29	f
1	548	P20434	P20434	170	f
1	549	P20435	P20435	67	f
1	550	P08518	P08518	943	f
1	551	P40422	P40422	55	f
1	552	P08518	P08518	505	f
1	553	P04050	P04050	1110	f
1	554	P08518	P08518	229	f
1	555	P08518	P08518	505	f
1	556	P04050	P04050	1282	f
1	557	P04050	P04050	1113	f
1	558	P04050	P04050	1216	f
1	559	P04050	P04050	1242	f
1	560	P16370	P16370	150	f
1	561	P22139	P22139	63	f
1	562	P04050	P04050	1093	f
1	563	P04050	P04050	1101	f
1	564	P16370	P16370	149	f
1	565	P22139	P22139	63	f
1	566	P04050	P04050	1093	f
1	567	P04050	P04050	696	f
1	568	DECOY:P20434	DECOY:P20434	39	t
1	569	P34087	P34087	61	f
1	570	P08518	P08518	121	f
1	571	P08518	P08518	87	f
1	572	P08518	P08518	943	f
1	573	P40422	P40422	55	f
1	574	P04050	P04050	460	f
1	575	P04050	P04050	636	f
1	576	P04050	P04050	1110	f
1	577	P04050	P04050	753	f
1	578	P04050	P04050	696	f
1	579	P04050	P04050	689	f
1	580	P08518	P08518	929	f
1	581	P08518	P08518	970	f
1	582	P08518	P08518	505	f
1	583	P04050	P04050	1110	f
1	584	P04050	P04050	2	f
1	585	P04050	P04050	13	f
1	586	P34087	P34087	61	f
1	587	P20435	P20435	71	f
1	588	P20434	P20434	170	f
1	589	P20435	P20435	71	f
1	590	P08518	P08518	136	f
1	591	P08518	P08518	87	f
1	592	P04050	P04050	696	f
1	593	P04050	P04050	1113	f
1	594	P08518	P08518	505	f
1	595	P08518	P08518	228	f
1	596	P04050	P04050	13	f
1	597	P20435	P20435	71	f
1	598	P04050	P04050	394	f
1	599	P04050	P04050	369	f
1	600	P08518	P08518	858	f
1	601	P08518	P08518	866	f
1	602	P08518	P08518	606	f
1	603	P08518	P08518	633	f
1	604	P04050	P04050	2	f
1	605	P04050	P04050	338	f
1	606	P34087	P34087	61	f
1	607	P20433	P20433	1	f
1	608	P08518	P08518	218	f
1	609	P08518	P08518	229	f
1	610	P04050	P04050	1282	f
1	611	P04050	P04050	1291	f
1	612	P08518	P08518	505	f
1	613	P04050	P04050	1101	f
1	614	P08518	P08518	242	f
1	615	P08518	P08518	349	f
1	616	P04050	P04050	1282	f
1	617	P04050	P04050	1291	f
1	618	P04050	P04050	369	f
1	619	P04050	P04050	394	f
1	620	P08518	P08518	262	f
1	621	P04050	P04050	1262	f
1	622	P04050	P04050	696	f
1	623	P04050	P04050	690	f
1	624	P08518	P08518	505	f
1	625	P04050	P04050	1101	f
1	626	P04050	P04050	369	f
1	627	DECOY:P08518	DECOY:P08518	728	t
1	628	P04050	P04050	13	f
1	629	P04050	P04050	329	f
1	630	P04050	P04050	13	f
1	631	P20433	P20433	1	f
1	632	P04050	P04050	690	f
1	633	P04050	P04050	696	f
1	634	P20434	P20434	56	f
1	635	P20434	P20434	44	f
1	636	P04050	P04050	124	f
1	637	P20433	P20433	1	f
1	638	P08518	P08518	1184	f
1	639	P08518	P08518	767	f
1	640	P16370	P16370	149	f
1	641	P22139	P22139	63	f
1	642	P08518	P08518	505	f
1	643	P04050	P04050	1093	f
1	644	P04050	P04050	963	f
1	645	DECOY:P04050	DECOY:P04050	488	t
1	646	DECOY:P08518	DECOY:P08518	958	t
1	647	P08518	P08518	349	f
1	648	P04050	P04050	636	f
1	649	P38902	P38902	21	f
1	650	P08518	P08518	338	f
1	651	DECOY:P08518	DECOY:P08518	1131	t
1	652	P04050	P04050	329	f
1	653	P04050	P04050	338	f
1	654	P04050	P04050	369	f
1	655	DECOY:P08518	DECOY:P08518	728	t
1	656	P20434	P20434	201	f
1	657	P04050	P04050	925	f
1	658	P04050	P04050	925	f
1	659	P04050	P04050	935	f
1	660	P40422	P40422	48	f
1	661	P40422	P40422	24	f
1	662	P04050	P04050	636	f
1	663	P38902	P38902	19	f
1	664	P08518	P08518	228	f
1	665	P08518	P08518	268	f
1	666	P08518	P08518	1136	f
1	667	P04050	P04050	2	f
1	668	P04050	P04050	1282	f
1	669	P04050	P04050	1291	f
1	670	P04050	P04050	2	f
1	671	P04050	P04050	394	f
1	672	P08518	P08518	424	f
1	673	P08518	P08518	471	f
1	674	P04050	P04050	696	f
1	675	P04050	P04050	1282	f
1	676	P34087	P34087	61	f
1	677	P20435	P20435	68	f
1	678	P04050	P04050	1282	f
1	679	P04050	P04050	1113	f
1	680	P04050	P04050	1113	f
1	681	P04050	P04050	1282	f
1	682	P04050	P04050	1113	f
1	683	P04050	P04050	1282	f
1	684	P04050	P04050	636	f
1	685	P38902	P38902	19	f
1	686	P34087	P34087	61	f
1	687	P20435	P20435	71	f
1	688	P08518	P08518	885	f
1	689	P04050	P04050	369	f
1	690	P04050	P04050	1282	f
1	691	P04050	P04050	1291	f
1	692	P04050	P04050	1282	f
1	693	P04050	P04050	1291	f
1	694	P04050	P04050	13	f
1	695	P20435	P20435	71	f
1	696	P04050	P04050	1282	f
1	697	P04050	P04050	1290	f
1	698	P04050	P04050	1282	f
1	699	P04050	P04050	1291	f
1	700	P04050	P04050	1282	f
1	701	P04050	P04050	1291	f
1	702	DECOY:P20434	DECOY:P20434	39	t
1	703	P34087	P34087	61	f
1	704	P08518	P08518	885	f
1	705	P08518	P08518	858	f
1	706	P34087	P34087	61	f
1	707	P20435	P20435	68	f
1	708	P08518	P08518	178	f
1	709	P16370	P16370	149	f
1	710	P08518	P08518	1184	f
1	711	P08518	P08518	767	f
1	712	DECOY:P04050	DECOY:P04050	1327	t
1	713	P04050	P04050	369	f
1	714	P04050	P04050	1282	f
1	715	P04050	P04050	1290	f
1	716	P04050	P04050	1282	f
1	717	P04050	P04050	1290	f
1	718	P04050	P04050	690	f
1	719	P04050	P04050	696	f
1	720	P04050	P04050	101	f
1	721	P04050	P04050	135	f
1	722	P08518	P08518	505	f
1	723	P04050	P04050	1110	f
1	724	P04050	P04050	318	f
1	725	P04050	P04050	329	f
1	726	P08518	P08518	505	f
1	727	P04050	P04050	329	f
1	728	P04050	P04050	1282	f
1	729	P04050	P04050	1290	f
1	730	P04050	P04050	1282	f
1	731	P04050	P04050	1290	f
1	732	P04050	P04050	925	f
1	733	P04050	P04050	935	f
1	734	P08518	P08518	349	f
1	735	P08518	P08518	338	f
1	736	P34087	P34087	61	f
1	737	P20435	P20435	71	f
1	738	P34087	P34087	61	f
1	739	P20433	P20433	1	f
1	740	P08518	P08518	262	f
1	741	P04050	P04050	1262	f
1	742	P20434	P20434	56	f
1	743	P20434	P20434	44	f
1	744	P08518	P08518	505	f
1	745	P04050	P04050	1110	f
1	746	P08518	P08518	349	f
1	747	P08518	P08518	337	f
1	748	P08518	P08518	349	f
1	749	P08518	P08518	337	f
1	750	P08518	P08518	505	f
1	751	P04050	P04050	329	f
1	752	P04050	P04050	13	f
1	753	P20435	P20435	68	f
1	754	P08518	P08518	505	f
1	755	P04050	P04050	1110	f
1	756	P04050	P04050	925	f
1	757	P04050	P04050	935	f
1	758	P08518	P08518	858	f
1	759	P08518	P08518	885	f
1	760	P08518	P08518	505	f
1	761	P04050	P04050	831	f
1	762	P08518	P08518	505	f
1	763	P04050	P04050	1110	f
1	764	P20434	P20434	201	f
1	765	P04050	P04050	935	f
1	766	P20434	P20434	168	f
1	767	P04050	P04050	124	f
1	768	P08518	P08518	471	f
1	769	P08518	P08518	424	f
1	770	P08518	P08518	262	f
1	771	P04050	P04050	1262	f
1	772	P20434	P20434	168	f
1	773	P20435	P20435	71	f
1	774	P08518	P08518	424	f
1	775	P08518	P08518	354	f
1	776	P08518	P08518	929	f
1	777	P04050	P04050	2	f
1	778	P20434	P20434	201	f
1	779	P20434	P20434	123	f
1	780	P04050	P04050	706	f
1	781	P04050	P04050	690	f
1	782	P08518	P08518	858	f
1	783	P08518	P08518	929	f
1	784	P08518	P08518	242	f
1	785	P08518	P08518	423	f
1	786	P04050	P04050	690	f
1	787	P04050	P04050	706	f
1	788	P04050	P04050	1101	f
1	789	P04050	P04050	822	f
1	790	P08518	P08518	505	f
1	791	P04050	P04050	329	f
1	792	P08518	P08518	929	f
1	793	P08518	P08518	915	f
1	794	P04050	P04050	706	f
1	795	P04050	P04050	690	f
1	796	P08518	P08518	505	f
1	797	P04050	P04050	1101	f
1	798	P08518	P08518	1184	f
1	799	P08518	P08518	767	f
1	800	P34087	P34087	61	f
1	801	P20435	P20435	71	f
1	802	P04050	P04050	696	f
1	803	P04050	P04050	689	f
1	804	P04050	P04050	13	f
1	805	P20435	P20435	68	f
1	806	P08518	P08518	505	f
1	807	P04050	P04050	1101	f
1	808	P34087	P34087	61	f
1	809	P20435	P20435	68	f
1	810	P34087	P34087	61	f
1	811	P20435	P20435	68	f
1	812	P20434	P20434	181	f
1	813	P20434	P20434	156	f
1	814	P04050	P04050	13	f
1	815	P20435	P20435	68	f
1	816	P04050	P04050	690	f
1	817	P04050	P04050	706	f
1	818	P16370	P16370	149	f
1	819	P22139	P22139	63	f
1	820	P20434	P20434	201	f
1	821	P04050	P04050	935	f
1	822	P08518	P08518	505	f
1	823	P08518	P08518	218	f
1	824	P08518	P08518	262	f
1	825	P04050	P04050	1262	f
1	826	P08518	P08518	505	f
1	827	P04050	P04050	831	f
1	828	P04050	P04050	13	f
1	829	P20435	P20435	71	f
1	830	P34087	P34087	61	f
1	831	P20433	P20433	1	f
1	832	P08518	P08518	858	f
1	833	P40422	P40422	55	f
1	834	DECOY:P04050	DECOY:P04050	1327	t
1	835	P04050	P04050	369	f
1	836	P04050	P04050	690	f
1	837	P04050	P04050	706	f
1	838	P04050	P04050	1242	f
1	839	P27999	P27999	18	f
1	840	P16370	P16370	128	f
1	841	P16370	P16370	12	f
1	842	P04050	P04050	2	f
1	843	P04050	P04050	64	f
\.


--
-- Data for Name: peptides; Type: TABLE DATA; Schema: public; Owner: xiadmin
--

COPY public.peptides (id, upload_id, seq_mods, link_site, crosslinker_modmass, crosslinker_pair_id) FROM stdin;
0	1	GPQVCcmAKLFGNIQK	7	0	0
1	1	LKIDPDTKAPNAVVITFEK	8	0	0
2	1	VGQQYSSAPLR	1	0	1
3	1	AGDIQLQYGWKVER	11	0	1
4	1	GPQVCcmAKLFGNIQK	7	0	2
5	1	IDPDTKAPNAVVITFEK	6	0	2
6	1	DGKLAKPR	3	0	3
7	1	KAAPSPISHVAEIR	1	0	3
8	1	TPSLTVYLEPGHAADQEQAKLIR	20	0	4
9	1	AAMNDKDLTMoxGQVGER	6	0	4
10	1	KAAPSPISHVAEIR	1	0	5
11	1	FISTLQVKLYGR	8	0	5
12	1	AAMoxNDKDLTMGQVGER	6	0	6
13	1	TPSLTVYLEPGHAADQEQAKLIR	20	0	6
14	1	GPQVCcmAKLFGNIQK	7	0	7
15	1	IDPDTKAPNAVVITFEK	6	0	7
16	1	AAMNDKDLTMGQVGER	6	0	8
17	1	TPSLTVYLEPGHAADQEQAKLIR	20	0	8
18	1	TKLLEEVEGSCcmTGK	2	0	9
19	1	MNVSTSTFQTR	1	0	9
20	1	DCcmMIAHGAASFLKER	13	0	10
21	1	VGQQYSSAPLR	1	0	10
22	1	EKbs3nh2GPQVCcmAKLFGNIQK	9	0	11
23	1	LKIDPDTKAPNAVVITFEK	8	0	11
24	1	TKLLEEVEGSCcmTGK	2	0	12
25	1	MoxNVSTSTFQTR	1	0	12
26	1	VGQQYSSAPLR	1	0	13
27	1	TKLLEEVEGSCcmTGK	2	0	13
28	1	GPQVCcmAKLFGNIQK	7	0	14
29	1	LKIDPDTKAPNAVVITFEK	8	0	14
30	1	KIENTMLENITLR	1	0	15
31	1	TCcmSYVEEAGSPLVYR	14	0	15
32	1	GKNEIIQNAQR	2	0	16
33	1	MNVSTSTFQTR	1	0	16
34	1	GPQVCcmAKLFGNIQK	7	0	17
35	1	IDPDTKAPNAVVITFEKEDHTLGNLIR	6	0	17
36	1	IYVTKPMVNESDGVTHALYPQEAR	5	0	18
37	1	NCcmYLSEATESDLYKLK	14	0	18
38	1	IQYAKDILQK	5	0	19
39	1	GTALGIKbs3ohKEK	8	0	19
40	1	EKGPQVCcmAKLFGNIQK	9	0	20
41	1	LKIDPDTKAPNAVVITFEK	8	0	20
42	1	VGQQYSSAPLR	1	0	21
43	1	EKELESIDVLLEQTTGGNNKDLK	20	0	21
44	1	TVKEVQFGLFSPEEVR	3	0	22
45	1	NVSTSTFQTR	1	0	22
46	1	SALEKGSR	5	0	23
47	1	KAAPSPISHVAEIR	1	0	23
48	1	GPQVCcmAKLFGNIQK	7	0	24
49	1	IDPDTKAPNAVVITFEK	6	0	24
50	1	GPQVCcmAKLFGNIQK	7	0	25
51	1	LKIDPDTKAPNAVVITFEKEDHTLGNLIR	8	0	25
52	1	AAMNDKDLTMGQVGER	6	0	26
53	1	TPSLTVYLEPGHAADQEQAKLIR	20	0	26
54	1	DGKLAKPR	3	0	27
55	1	KAAPSPISHVAEIR	1	0	27
56	1	NMKTPSLTVYLEPGHAADQEQAK	3	0	28
57	1	GSFINIAQMSACcmVGQQSVEGKR	21	0	28
58	1	IYVTKPMVNESDGVTHALYPQEAR	5	0	29
59	1	YELIAEESEDDSESGKVFIGR	16	0	29
60	1	VVRPKSLDAETEAEEDHMoxLK	5	0	30
61	1	IKQTFK	2	0	30
62	1	GCcmDNKIDIYQIHIPYAAK	5	0	31
63	1	VGQQYSSAPLR	1	0	31
64	1	TVKEVQFGLFSPEEVR	3	0	32
65	1	MoxNVSTSTFQTR	1	0	32
66	1	TVKEVQFGLFSPEEVR	3	0	33
67	1	MNVSTSTFQTR	1	0	33
68	1	QALAIKDSK	6	0	34
69	1	MNVSTSTFQTR	1	0	34
70	1	IYVTKPMVNESDGVTHALYPQEAR	5	0	35
71	1	NCcmYLSEATESDLYKLK	14	0	35
72	1	KAAPSPISHVAEIR	1	0	36
73	1	SAGNIVQVFK	1	0	36
74	1	VAALSGNEGDASPFTDITVEGISKLLR	24	0	37
75	1	HTDYWYEQDSAKEWPQSK	12	0	37
76	1	TPSLTVYLEPGHAADQEQAKLIR	20	0	38
77	1	VVMoxMKYDR	5	0	38
78	1	GPQVCcmAKLFGNIQK	7	0	39
79	1	LKbs3nh2IDPDTKAPNAVVITFEK	8	0	39
80	1	VKVIPYSTFR	2	0	40
81	1	TVISGDPNLELDQVGVPKSIAK	18	0	40
82	1	TPSLTVYLEPGHAADQEQAKLIR	20	0	41
83	1	VLDVTKbs3nh2EAQANLLTAKHGMTLR	16	0	41
84	1	DALKNACcmNSIINK	4	0	42
85	1	KVLFAAYK	1	0	42
86	1	VGQQYSSAPLR	1	0	43
87	1	NLKCcmQTCcmQEGMNECcmPGHFGHIDLAK	3	0	43
88	1	KAAPSPISHVAEIR	1	0	44
89	1	DGKLAK	3	0	44
90	1	QALAIKDSK	6	0	45
91	1	MoxNVSTSTFQTR	1	0	45
92	1	TVKEVQFGLFSPEEVR	3	0	46
93	1	NVSTSTFQTR	1	0	46
94	1	TVKEVQFGLFSPEEVR	3	0	47
95	1	MoxNVSTSTFQTR	1	0	47
96	1	LKEILNVAK	2	0	48
97	1	NMKTPSLTVYLEPGHAADQEQAK	3	0	48
98	1	TPSLTVYLEPGHAADQEQAKLIR	20	0	49
99	1	VLDVTKbs3ohEAQANLLTAKHGMTLR	16	0	49
100	1	GPQVCcmAKLFGNIQK	7	0	50
101	1	LKIDPDTKAPNAVVITFEK	8	0	50
102	1	APNAVVITFEKEDHTLGNLIR	11	0	51
103	1	LKIDPDTK	2	0	51
104	1	GCcmDNKIDIYQIHIPYAAK	5	0	52
105	1	MNVSTSTFQTR	1	0	52
106	1	VAALSGNEGDASPFTDITVEGISKLLR	24	0	53
107	1	HTDYWYEQDSAKEWPQSK	12	0	53
108	1	DALKNACcmNSIINK	4	0	54
109	1	KVLFAAYK	1	0	54
110	1	HMVDDKIHAR	6	0	55
111	1	IPQIGDKFASR	7	0	55
112	1	NIGHPIIQDKEGNGVLICcmK	10	0	56
113	1	EASKDNVDFILSNVDLAMANSLRR	4	0	56
114	1	AKYCcmDSMGRPQR	2	0	57
115	1	TVKEMVK	3	0	57
116	1	IYVTKPMoxVNESDGVTHALYPQEAR	5	0	58
117	1	NCcmYLSEATESDLYKLK	14	0	58
118	1	KAAPSPISHVAEIR	1	0	59
119	1	FISTLQVKLYGR	8	0	59
120	1	IYVTKPMoxVNESDGVTHALYPQEAR	5	0	60
121	1	YELIAEESEDDSESGKVFIGR	16	0	60
122	1	VGQQYSSAPLR	1	0	61
123	1	AGDIQLQYGWKVER	11	0	61
124	1	DGKLAK	3	0	62
125	1	LKEILNVAK	2	0	62
126	1	LKEILNVAK	2	0	63
127	1	NMoxKTPSLTVYLEPGHAADQEQAK	3	0	63
128	1	SALEKGSR	5	0	64
129	1	LTKDIFR	3	0	64
130	1	KVTSGVPR	1	0	65
131	1	EGLIDTAVKTAETGYIQR	9	0	65
132	1	KVTSGVPR	1	0	66
133	1	NMKTPSLTVYLEPGHAADQEQAKbs3ohLIR	3	0	66
134	1	DGKLAKPR	3	0	67
135	1	LKbs3nh2GKEGR	4	0	67
136	1	LKEILNVAK	2	0	68
137	1	NMoxKTPSLTVYLEPGHAADQEQAK	3	0	68
138	1	KVTSGVPR	1	0	69
139	1	EGLIDTAVKTAETGYIQR	9	0	69
140	1	VKVIPYSTFR	2	0	70
141	1	TVISGDPNLELDQVGVPKSIAK	18	0	70
142	1	KVTSGVPR	1	0	71
143	1	NMoxKTPSLTVYLEPGHAADQEQAK	3	0	71
144	1	KAAPSPISHVAEIR	1	0	72
145	1	DGKLAKbs3ohPR	3	0	72
146	1	LKESQLPR	2	0	73
147	1	KTLKbs3ohEK	1	0	73
148	1	KVTSGVPR	1	0	74
149	1	LKEILNVAK	2	0	74
150	1	EAQANLLTAKHGMTLR	10	0	75
151	1	TPSLTVYLEPGHAADQEQAKLIR	20	0	75
152	1	KSETSGR	1	0	76
153	1	LQVLLDEEYKQLVKDR	14	0	76
154	1	VGQQYSSAPLR	1	0	77
155	1	NLKCcmQTCcmQEGMNECcmPGHFGHIDLAK	3	0	77
156	1	MKHGTYDKLDDDGLIAPGVR	2	0	78
157	1	YGMSITETFEKPQR	11	0	78
158	1	DGKbs3ohLAKPR	6	0	79
159	1	LKEILNVAK	2	0	79
160	1	HMoxVDDKIHAR	6	0	80
161	1	IPQIGDKFASR	7	0	80
162	1	SALEKGSR	5	0	81
163	1	DILQKEFLPHITQLEGFESR	5	0	81
164	1	LKEILNVAK	2	0	82
165	1	EGLIDTAVKTAETGYIQR	9	0	82
166	1	DGKLAKPR	3	0	83
167	1	LKGKEGR	4	0	83
168	1	NIGHPIIQDKEGNGVLICcmK	10	0	84
169	1	EASKDNVDFILSNVDLAMANSLR	4	0	84
170	1	KVTSGVPR	1	0	85
171	1	GSFINIAQMSACcmVGQQSVEGKR	21	0	85
172	1	MKHGTYDKLDDDGLIAPGVR	2	0	86
173	1	SIAKTLTYPEVVTPYNIDR	4	0	86
174	1	TAYHSKR	6	0	87
175	1	VGQQYSSAPLR	1	0	87
176	1	KAAPSPISHVAEIR	1	0	88
177	1	DGKbs3ohLAKPR	6	0	88
178	1	LKEILNVAK	2	0	89
179	1	NMKTPSLTVYLEPGHAADQEQAKbs3ohLIR	3	0	89
180	1	SALEKGSR	5	0	90
181	1	LTKDIFR	3	0	90
182	1	VVMoxMoxKYDR	5	0	91
183	1	TPSLTVYLEPGHAADQEQAKLIR	20	0	91
184	1	VGQQYSSAPLR	1	0	92
185	1	AKIGGLNDPR	2	0	92
186	1	ADPVALYLGLKR	11	0	93
187	1	GEVVKIIR	5	0	93
188	1	VGQQYSSAPLR	1	0	94
189	1	NLKCcmQTCcmQEGMoxNECcmPGHFGHIDLAK	3	0	94
190	1	NIGHPIIQDKEGNGVLICcmK	10	0	95
191	1	EASKDNVDFILSNVDLAMANSLR	4	0	95
192	1	LVIKEALVER	4	0	96
193	1	EKELESIDVLLEQTTGGNNK	2	0	96
194	1	SIAKTLTYPEVVTPYNIDR	4	0	97
195	1	NGPNEHPGAKYVIR	10	0	97
196	1	VVMMKYDR	5	0	98
197	1	TPSLTVYLEPGHAADQEQAKLIR	20	0	98
198	1	CcmKDCcmGHR	2	0	99
199	1	TATLKYICcmAECcmSSK	5	0	99
200	1	KAAPSPISHVAEIR	1	0	100
201	1	DGKbs3ohLAKPR	6	0	100
202	1	VGQQYSSAPLR	1	0	101
203	1	TVKEVQFGLFSPEEVR	3	0	101
204	1	HMVDDKIHAR	6	0	102
205	1	LKGKbs3ohEGR	2	0	102
206	1	SALEKGSR	5	0	103
207	1	KAAPSPISHVAEIR	1	0	103
208	1	VVMMKYDR	5	0	104
209	1	EAQANLLTAKHGMTLR	10	0	104
210	1	SALEKGSR	5	0	105
211	1	DILQKEFLPHITQLEGFESR	5	0	105
212	1	SETSGR	1	0	106
213	1	LQVLLDEEYKQLVKDRK	14	0	106
214	1	AMoxEYLKFR	6	0	107
215	1	MoxILTHVDLIEKFLR	11	0	107
216	1	SKNCcmYLSEATESDLYKLK	16	0	108
217	1	YNPLEKRD	6	0	108
218	1	NCcmYLSEATESDLYKLK	14	0	109
219	1	YNPLEKR	6	0	109
220	1	KVTSGVPR	1	0	110
221	1	NMKTPSLTVYLEPGHAADQEQAK	3	0	110
222	1	TAETGYIQR	6	0	111
223	1	LKGKbs3ohEGR	2	0	111
224	1	DCcmMoxIAHGAASFLKER	13	0	112
225	1	VGQQYSSAPLR	1	0	112
226	1	KSETSGR	1	0	113
227	1	LQVLLDEEYKQLVKDRK	14	0	113
228	1	SALEKGSR	5	0	114
229	1	KLTKbs3ohDIFR	1	0	114
230	1	EKGPQVCcmAKLFGNIQK	9	0	115
231	1	IDPDTKAPNAVVITFEKEDHTLGNLIR	6	0	115
232	1	EAQANLLTAKHGMTLR	10	0	116
233	1	TPSLTVYLEPGHAADQEQAKLIR	20	0	116
234	1	IKQTFK	2	0	117
235	1	VVRPKSLDAETEAEEDHMLKbs3ohK	5	0	117
236	1	VVRPKSLDAETEAEEDHMLK	5	0	118
237	1	QTFKNDLFVIWSEDNDEK	4	0	118
238	1	KVCcmECcmVCcmMHCcmGK	1	0	119
239	1	FAAIWTLCcmKTK	9	0	119
240	1	EKGPQVCcmAKLFGNIQK	9	0	120
241	1	IDPDTKAPNAVVITFEK	6	0	120
242	1	KVLFAAYK	1	0	121
243	1	IQTTEGYDPKDALKNACcmNSIINK	14	0	121
244	1	SALEKGSR	5	0	122
245	1	IQYAKbs3nh2DILQKEFLPHITQLEGFESR	10	0	122
246	1	DGKLAKPR	3	0	123
247	1	KAAPSPISHVAEIR	1	0	123
248	1	KIPLVIR	1	0	124
249	1	IAMKELAEK	4	0	124
250	1	QALAIKDSK	6	0	125
251	1	NVSTSTFQTR	1	0	125
252	1	KVTSGVPR	1	0	126
253	1	GSFINIAQMoxSACcmVGQQSVEGKR	21	0	126
254	1	EAQANLLTAKHGMTLR	10	0	127
255	1	KVLDVTK	1	0	127
256	1	KAAPSPISHVAEIR	1	0	128
257	1	DGKLAK	3	0	128
258	1	IIQNAQQTFHIDHTKPSDLTIK	15	0	129
259	1	NLNNLKQENAYLLIR	6	0	129
260	1	NIGHPIIQDKEGNGVLICcmK	10	0	130
261	1	EASKDNVDFILSNVDLAMoxANSLR	4	0	130
262	1	LKESQLPR	2	0	131
263	1	TVKEVQFGLFSPEEVR	3	0	131
264	1	KVTSGVPR	1	0	132
265	1	EAQANLLTAKHGMTLR	10	0	132
266	1	VVRPKSLDAETEAEEDHMLK	5	0	133
267	1	EDKENNR	3	0	133
268	1	KAAPSPISHVAEIR	1	0	134
269	1	DGKLAKbs3ohPR	3	0	134
270	1	LKEILNVAK	2	0	135
271	1	NMKTPSLTVYLEPGHAADQEQAK	3	0	135
272	1	GKNEIIQNAQR	2	0	136
273	1	AIPKDQR	4	0	136
274	1	VKVIPYSTFR	2	0	137
275	1	TVISGDPNLELDQVGVPKSIAK	18	0	137
276	1	LKESQLPR	2	0	138
277	1	TVKEVQFGLFSPEEVR	3	0	138
278	1	EKGPQVCcmAKLFGNIQK	9	0	139
279	1	LKIDPDTKAPNAVVITFEK	8	0	139
280	1	DGKLAKPR	3	0	140
281	1	LKEILNVAK	2	0	140
282	1	DCcmMIAHGAASFLKER	13	0	141
283	1	VGQQYSSAPLR	1	0	141
284	1	IQYAKDILQK	5	0	142
285	1	GTALGIKbs3ohKEK	8	0	142
286	1	LKESQLPR	2	0	143
287	1	MoxNVSTSTFQTR	1	0	143
288	1	EKbs3nh2GPQVCcmAKLFGNIQK	9	0	144
289	1	IDPDTKAPNAVVITFEK	6	0	144
290	1	LKESQLPR	2	0	145
291	1	TLKbs3nh2EKAIPK	5	0	145
292	1	NIGHPIIQDKEGNGVLICcmK	10	0	146
293	1	EASKDNVDFILSNVDLAMANSLR	4	0	146
294	1	KSETSGR	1	0	147
295	1	QLVKDRK	4	0	147
296	1	VVMMKYDR	5	0	148
297	1	EAQANLLTAKHGMTLR	10	0	148
298	1	KVTSGVPR	1	0	149
299	1	VLDVTKbs3nh2EAQANLLTAKHGMTLR	16	0	149
300	1	LKESQLPR	2	0	150
301	1	DGETTDANGKTIVTGGNGPEDFQQHEQIR	10	0	150
302	1	DGKLAK	3	0	151
303	1	LKEILNVAK	2	0	151
304	1	KAAPSPISHVAEIR	1	0	152
305	1	DGKLAKbs3nh2PR	3	0	152
306	1	EKGPQVCcmAKLFGNIQK	2	0	153
307	1	IDPDTKAPNAVVITFEK	6	0	153
308	1	LKESQLPR	2	0	154
309	1	QALAIKDSK	6	0	154
310	1	VAALSGNEGDASPFTDITVEGISKLLR	24	0	155
311	1	HTDYWYEQDSAKEWPQSK	12	0	155
312	1	TVKEVQFGLFSPEEVR	3	0	156
313	1	TLKbs3ohEKAIPK	5	0	156
314	1	DGKLAKPR	3	0	157
315	1	LKEILNVAK	2	0	157
316	1	IQYAKDILQK	5	0	158
317	1	GTALGIKbs3nh2KEK	8	0	158
318	1	EKGPQVCcmAKLFGNIQK	2	0	159
319	1	IDPDTKAPNAVVITFEK	6	0	159
320	1	IQYAKDILQK	5	0	160
321	1	GTALGIKbs3nh2KEK	8	0	160
322	1	APNAVVITFEKEDHTLGNLIR	11	0	161
323	1	LKIDPDTK	2	0	161
324	1	LKESQLPR	2	0	162
325	1	QALAIKDSK	6	0	162
326	1	PVKSIR	3	0	163
327	1	LKGKbs3nh2EGR	2	0	163
328	1	AELLNDRKVLFAAYK	8	0	164
329	1	DALKNACcmNSIINK	4	0	164
330	1	HMVDDKIHAR	6	0	165
331	1	IPQIGDKFASR	7	0	165
332	1	VVRPKSLDAETEAEEDHMoxLK	5	0	166
333	1	IKQTFK	2	0	166
334	1	KSETSGR	1	0	167
335	1	QLVKDRK	4	0	167
336	1	KAAPSPISHVAEIR	1	0	168
337	1	ATLPYIKQDIPIVIIFR	7	0	168
338	1	VVMMKYDR	5	0	169
339	1	EAQANLLTAKHGMTLR	10	0	169
340	1	IQYAKDILQK	5	0	170
341	1	GTALGIKKbs3ohEKbs3nh2R	7	0	170
342	1	PVKSIR	3	0	171
343	1	LKGKbs3nh2EGR	2	0	171
344	1	IKQTFK	2	0	172
345	1	VVRPKSLDAETEAEEDHMLK	5	0	172
346	1	SYMDQEKK	7	0	173
347	1	ILLKAR	4	0	173
348	1	DGKLAKbs3nh2PR	3	0	174
349	1	LKEILNVAK	2	0	174
350	1	KVTSGVPR	1	0	175
351	1	NMKTPSLTVYLEPGHAADQEQAK	3	0	175
352	1	KVTSGVPR	1	0	176
353	1	GSFINIAQMSACcmVGQQSVEGKR	21	0	176
354	1	TVKEVQFGLFSPEEVR	3	0	177
355	1	TLKbs3nh2EKAIPK	5	0	177
356	1	LVIKEALVER	4	0	178
357	1	ELSNLETLY	9	0	178
358	1	LKESQLPR	2	0	179
359	1	EKAIPK	2	0	179
360	1	NCcmYLSEATESDLYKLK	14	0	180
361	1	KGQELK	1	0	180
362	1	DGKLAKPR	3	0	181
363	1	LKGKbs3nh2EGR	2	0	181
364	1	LKEILNVAK	2	0	182
365	1	EGLIDTAVKTAETGYIQR	9	0	182
366	1	GCcmDNKIDIYQIHIPYAAK	5	0	183
367	1	MoxNVSTSTFQTR	1	0	183
368	1	ADPVALYLGLKR	11	0	184
369	1	LSSDEKR	6	0	184
370	1	NCcmYLSEATESDLYKLK	14	0	185
371	1	YNPLEKRD	6	0	185
372	1	VVRPKSLDAETEAEEDHMLK	5	0	186
373	1	EDKENNR	3	0	186
374	1	VVRPKSLDAETEAEEDHMLK	5	0	187
375	1	EDKENNR	3	0	187
376	1	VVRPKSLDAETEAEEDHMoxLK	5	0	188
377	1	EDKENNR	3	0	188
378	1	EKGPQVCcmAKLFGNIQK	9	0	189
379	1	LKIDPDTKAPNAVVITFEK	8	0	189
380	1	KMMSFQANPTEESISK	1	0	190
381	1	AKYCcmDSMGR	2	0	190
382	1	KIENTMoxLENITLR	1	0	191
383	1	QTFKNDLFVIWSEDNDEK	4	0	191
384	1	VKVIPYSTFR	2	0	192
385	1	GPQVCcmAKLFGNIQK	7	0	192
386	1	GKNEIIQNAQR	2	0	193
387	1	KTLKEKbs3ohAIPKDQR	10	0	193
388	1	NMoxKTPSLTVYLEPGHAADQEQAK	3	0	194
389	1	EGLIDTAVKTAETGYIQR	9	0	194
390	1	GKNEIIQNAQR	2	0	195
391	1	Kbs3ohTLKEKAIPKDQR	10	0	195
392	1	AELLNDRKVLFAAYK	8	0	196
393	1	IQTTEGYDPKDALKNACcmNSIINK	10	0	196
394	1	TPSLTVYLEPGHAADQEQAKLIR	20	0	197
395	1	VLDVTKEAQANLLTAKbs3ohHGMoxTLR	6	0	197
396	1	KVTSGVPR	1	0	198
397	1	EAQANLLTAKHGMoxTLR	10	0	198
398	1	KVTSGVPR	1	0	199
399	1	EAQANLLTAKHGMTLR	10	0	199
400	1	TAYHSKR	6	0	200
401	1	TTPISPDEEELGQR	5	0	200
402	1	TVKEVQFGLFSPEEVR	3	0	201
403	1	EKAIPK	2	0	201
404	1	KGQELK	1	0	202
405	1	YNPLEKRD	6	0	202
406	1	DGKLAKPR	3	0	203
407	1	LKEILNVAKbs3ohNMK	2	0	203
408	1	AKYCcmDSMoxGR	2	0	204
409	1	KMoxMSFQANPTEESISK	1	0	204
410	1	LKESQLPR	2	0	205
411	1	MNVSTSTFQTR	1	0	205
412	1	KVTSGVPR	1	0	206
413	1	GSFINIAQMSACcmVGQQSVEGKR	21	0	206
414	1	DGKLAKPR	3	0	207
415	1	NMKTPSLTVYLEPGHAADQEQAK	3	0	207
416	1	GQELKLTCcmVAK	5	0	208
417	1	YNPLEKRD	6	0	208
418	1	EKGPQVCcmAKLFGNIQK	9	0	209
419	1	IDPDTKAPNAVVITFEK	6	0	209
420	1	KAAPSPISHVAEIR	1	0	210
421	1	DGKLAK	3	0	210
422	1	NMKTPSLTVYLEPGHAADQEQAK	3	0	211
423	1	EGLIDTAVKTAETGYIQR	9	0	211
424	1	KGDINPEVSMoxIR	1	0	212
425	1	VYRPLFIVEDDESLGHKELKVR	17	0	212
426	1	AKYCcmDSMGRPQR	2	0	213
427	1	TVKEMVK	3	0	213
428	1	DGKLAKPR	3	0	214
429	1	TAETGYIQR	6	0	214
430	1	KVLFAAYK	1	0	215
431	1	IQTTEGYDPKDALKNACcmNSIINK	10	0	215
432	1	EKGPQVCcmAKLFGNIQK	9	0	216
433	1	LKIDPDTKAPNAVVITFEKEDHTLGNLIR	8	0	216
434	1	TPSLTVYLEPGHAADQEQAKLIR	20	0	217
435	1	VLDVTKbs3ohEAQANLLTAKHGMTLR	16	0	217
436	1	APNAVVITFEKEDHTLGNLIR	11	0	218
437	1	LTCcmVAKK	6	0	218
438	1	TVKEVQFGLFSPEEVR	3	0	219
439	1	EKAIPKbs3nh2DQR	2	0	219
440	1	LKESQLPR	2	0	220
441	1	LSSDEKR	6	0	220
442	1	EKGPQVCcmAKLFGNIQK	2	0	221
443	1	LKIDPDTKAPNAVVITFEK	8	0	221
444	1	EAQANLLTAKHGMoxTLR	10	0	222
445	1	TPSLTVYLEPGHAADQEQAKLIR	20	0	222
446	1	KYGMSITETFEKPQR	1	0	223
447	1	TAYHSK	5	0	223
448	1	KVTSGVPR	1	0	224
449	1	KVPSPTGEYVKEPEWVLETDGVNLSEVMTVPGIDPTR	1	0	224
450	1	KSETSGR	1	0	225
451	1	LQVLLDEEYKQLVKDR	14	0	225
452	1	QLVKDR	4	0	226
453	1	DIVLGVKDLQENLLVLR	7	0	226
454	1	TKLLEEVEGSCcmTGK	2	0	227
455	1	NVSTSTFQTR	1	0	227
456	1	NCcmYLSEATESDLYKLK	14	0	228
457	1	YNPLEKRD	6	0	228
458	1	VVRPKSLDAETEAEEDHMoxLK	5	0	229
459	1	EDKENNR	3	0	229
460	1	NLNNLKQENAYLLIR	6	0	230
461	1	LEGNYRNLNNLKQENAYLLIR	12	0	230
462	1	LKESQLPR	2	0	231
463	1	QALAIKDSKK	6	0	231
464	1	YRLKESQLPR	4	0	232
465	1	QALAIKDSK	6	0	232
466	1	LTKDIFR	3	0	233
467	1	KAMoxSSR	1	0	233
468	1	ILPTDGSAEFNVKYR	13	0	234
469	1	EKAIPK	2	0	234
470	1	FPETMoxDETQTR	4	0	235
471	1	AISVAKIR	6	0	235
472	1	LSSDEKR	6	0	236
473	1	QALAIKDSK	6	0	236
474	1	EKGPQVCcmAKLFGNIQK	2	0	237
475	1	IDPDTKAPNAVVITFEKEDHTLGNLIR	6	0	237
476	1	TAETGYIQR	6	0	238
477	1	LKGKbs3nh2EGR	2	0	238
478	1	DGKLAKPR	3	0	239
479	1	LKbs3ohGKEGR	4	0	239
480	1	AELLNDRKVLFAAYK	8	0	240
481	1	DALKNACcmNSIINK	4	0	240
482	1	KVLFAAYK	1	0	241
483	1	NACcmNSIINK	5	0	241
484	1	NCcmYLSEATESDLYKLK	14	0	242
485	1	YNPLEKRD	6	0	242
486	1	DGKLAKPR	3	0	243
487	1	KVTSGVPR	1	0	243
488	1	NCcmYLSEATESDLYKLK	14	0	244
489	1	KGQELK	1	0	244
490	1	KVLFAAYK	1	0	245
491	1	IQTTEGYDPKDALKNACcmNSIINK	10	0	245
492	1	TAETGYIQR	6	0	246
493	1	LKbs3ohGKEGR	4	0	246
494	1	MKHGTYDKLDDDGLIAPGVR	2	0	247
495	1	SIAKTLTYPEVVTPYNIDR	4	0	247
496	1	VVMMKYDR	5	0	248
497	1	TPSLTVYLEPGHAADQEQAKLIR	20	0	248
498	1	GNLMGKR	6	0	249
499	1	VGQQYSSAPLR	1	0	249
500	1	VVRPKSLDAETEAEEDHMLKbs3ohK	5	0	250
501	1	EDKENNR	3	0	250
502	1	DIVKYAGPHENPGR	4	0	251
503	1	SIAKTLTYPEVVTPYNIDR	4	0	251
504	1	EKGPQVCcmAKLFGNIQK	2	0	252
505	1	LKIDPDTKAPNAVVITFEKEDHTLGNLIR	8	0	252
506	1	TAYHSKR	6	0	253
507	1	SYMDQEKK	7	0	253
508	1	LSSDEKR	6	0	254
509	1	QALAIKDSK	6	0	254
510	1	LVIKEALVER	4	0	255
511	1	DLKNTMQYLTNFSR	3	0	255
512	1	LKESQLPR	2	0	256
513	1	EKAIPK	2	0	256
514	1	KAAPSPISHVAEIR	1	0	257
515	1	FISTLQVKLYGR	8	0	257
516	1	KAMSSR	1	0	258
517	1	LTKDIFR	3	0	258
518	1	DIVKYAGPHENPGR	4	0	259
519	1	SIAKTLTYPEVVTPYNIDR	4	0	259
520	1	GNLMGKR	6	0	260
521	1	LKbs3ohGKEGR	4	0	260
522	1	LKESQLPR	2	0	261
523	1	EKAIPKbs3ohDQR	2	0	261
524	1	KSETSGR	1	0	262
525	1	LVPSIPPATIETFNEAALVVNITHHELVPKHIR	30	0	262
526	1	GPQVCcmAKLFGNIQK	7	0	263
527	1	LKIDPDTKAPNAVVITFEK	8	0	263
528	1	VGQQYSSAPLR	1	0	264
529	1	NLKCcmQTCcmQEGMNECcmPGHFGHIDLAK	3	0	264
530	1	KGDINPEVSMoxIR	1	0	265
531	1	VYRPLFIVEDDESLGHKELKVR	20	0	265
532	1	CcmKDCcmGHR	2	0	266
533	1	TATLKYICcmAECcmSSK	5	0	266
534	1	IPQIGDKFASR	7	0	267
535	1	HGQKGTIGITYR	4	0	267
536	1	LTKDIFR	3	0	268
537	1	DILQKEFLPHITQLEGFESR	5	0	268
538	1	VVRPKSLDAETEAEEDHMLK	5	0	269
539	1	QTFKNDLFVIWSEDNDEK	4	0	269
540	1	SIAKTLTYPEVVTPYNIDR	4	0	270
541	1	NGPNEHPGAKYVIR	10	0	270
542	1	ADPVALYLGLKR	11	0	271
543	1	LSSDEKR	6	0	271
544	1	DGKLAKPR	3	0	272
545	1	NMoxKTPSLTVYLEPGHAADQEQAK	3	0	272
546	1	AKIGGLNDPR	2	0	273
547	1	AISVAKIR	6	0	273
548	1	LKESQLPR	2	0	274
549	1	KTLKbs3nh2EK	1	0	274
550	1	STENGIVDQVLVTTNQDGLKFVK	20	0	275
551	1	ILLKAR	4	0	275
552	1	DGKLAK	3	0	276
553	1	NMKTPSLTVYLEPGHAADQEQAK	3	0	276
554	1	AAPSPISHVAEIR	4	0	277
555	1	DGKbs3ohLAKPR	6	0	277
556	1	VVMMKYDR	5	0	278
557	1	TPSLTVYLEPGHAADQEQAKLIR	20	0	278
558	1	IKQTFK	2	0	279
559	1	VVRPKSLDAETEAEEDHMLK	5	0	279
560	1	GQELKLTCcmVAK	5	0	280
561	1	YNPLEKRD	6	0	280
562	1	KVTSGVPR	1	0	281
563	1	LKEILNVAK	2	0	281
564	1	KGQELK	1	0	282
565	1	YNPLEKR	6	0	282
566	1	KVTSGVPR	1	0	283
567	1	EAQANLLTAKHGMoxTLR	10	0	283
568	1	IPLQSK	5	0	284
569	1	ILPTDGSAEFNVKYR	13	0	284
570	1	NLTYSSGLFVDVKK	13	0	285
571	1	KYEISFGK	1	0	285
572	1	STENGIVDQVLVTTNQDGLKFVK	20	0	286
573	1	ILLKAR	4	0	286
574	1	VKVIPYSTFR	2	0	287
575	1	EKGPQVCcmAKLFGNIQK	9	0	287
576	1	NMoxKTPSLTVYLEPGHAADQEQAK	3	0	288
577	1	GSFINIAQMSACcmVGQQSVEGKR	21	0	288
578	1	EAQANLLTAKHGMTLR	10	0	289
579	1	KVLDVTK	1	0	289
580	1	TAYHSKR	6	0	290
581	1	TTKIPQIGDK	3	0	290
582	1	DGKLAKPR	3	0	291
583	1	NMKTPSLTVYLEPGHAADQEQAK	3	0	291
584	1	VGQQYSSAPLR	1	0	292
585	1	TVKEVQFGLFSPEEVR	3	0	292
586	1	ILPTDGSAEFNVKYR	13	0	293
587	1	EKAIPK	2	0	293
588	1	LKESQLPR	2	0	294
589	1	EKAIPKbs3nh2DQR	2	0	294
590	1	TYEAIDVPGR	1	0	295
591	1	KYEISFGK	1	0	295
592	1	EAQANLLTAKHGMTLR	10	0	296
593	1	TPSLTVYLEPGHAADQEQAKLIR	20	0	296
594	1	DGKLAKPR	3	0	297
595	1	KAAPSPISHVAEIR	1	0	297
596	1	TVKEVQFGLFSPEEVR	3	0	298
597	1	EKAIPK	2	0	298
598	1	NGPNEHPGAKYVIR	10	0	299
599	1	SIAKTLTYPEVVTPYNIDRLTQLVR	4	0	299
600	1	SYMDQEKK	7	0	300
601	1	Ybs3nh2GMSITETFEKPQR	11	0	300
602	1	KGDINPEVSMIR	1	0	301
603	1	VYRPLFIVEDDESLGHKELKVR	20	0	301
604	1	VGQQYSSAPLR	1	0	302
605	1	GNLMoxGKR	6	0	302
606	1	ILPTDGSAEFNVKYR	13	0	303
607	1	MoxNVSTSTFQTR	1	0	303
608	1	SAGNIVQVFKK	10	0	304
609	1	AAPSbs3nh2PISHVAEIR	7	0	304
610	1	VVMMKYDR	5	0	305
611	1	VPSPTGEYVKEPEWVLETDGVNLSEVMoxTVPGIDPTR	10	0	305
612	1	DGKLAKPR	6	0	306
613	1	LKEILNVAK	2	0	306
614	1	SALEKGSR	5	0	307
615	1	IQYAKbs3ohDILQKEFLPHITQLEGFESR	10	0	307
616	1	VVMMKYDR	5	0	308
617	1	VPSPTGEYVKEPEWVLETDGVNLSEVMTVPGIDPTR	10	0	308
618	1	SIAKTLTYPEVVTPYNIDR	4	0	309
619	1	NGPNEHPGAKYVIR	10	0	309
620	1	EGSSAR	4	0	310
621	1	KIENTMLENITLR	1	0	310
622	1	EAQANLLTAKbs3nh2HGMTLR	8	0	311
623	1	VLDVTK	5	0	311
624	1	DGKLAKPR	3	0	312
625	1	LKEILNVAKbs3nh2NMoxK	2	0	312
626	1	SIAKTLTYPEVVTPYNIDR	4	0	313
627	1	RTLHSLTSSbs3ohYTR	11	0	313
628	1	Tbs3nh2VKEVQFGLFSPEEVR	3	0	314
629	1	LKGKEGRIR	4	0	314
630	1	TVKEVQFGLFSPEEVR	3	0	315
631	1	MNVSTSTFQTR	1	0	315
632	1	VLDVTK	5	0	316
633	1	EAQANLLTbs3ohAKHGMTLR	10	0	316
634	1	KMMoxSFQANPTEESISK	1	0	317
635	1	AKYCcmDSMGR	2	0	317
636	1	QALAIKDSK	6	0	318
637	1	MNVSTSTFQTR	1	0	318
638	1	GCcmDNKIDIYQIHIPYAAK	5	0	319
639	1	NTYQSbs3ohAMoxGK	3	0	319
640	1	KGQELK	1	0	320
641	1	YNPLEKRD	6	0	320
642	1	DGKLAKPR	3	0	321
643	1	KVTSGVPR	1	0	321
644	1	IIQNAQQTFHIDHTK	14	0	322
645	1	SRPVRVRCcmIIK	1	0	322
646	1	TASbs3ohSGR	1	0	323
647	1	IQYAKbs3nh2DILQKEFLPHITQLEGFESR	10	0	323
648	1	EKbs3nh2GPQVCcmAKLFGNIQK	9	0	324
649	1	IDPDTKAPNAVVITFEK	6	0	324
650	1	GTALGIKbs3ohKbs3ohEKR	10	0	325
651	1	IGFSIEKbs3nh2R	4	0	325
652	1	LKbs3ohGKEGR	4	0	326
653	1	GNLMoxGKR	6	0	326
654	1	SIAKTLTYPEVVTPYNIDR	4	0	327
655	1	RTLHSLTSSYbs3ohTR	11	0	327
656	1	KSETSGR	1	0	328
657	1	LQVLLDEEYKQLVKDR	14	0	328
658	1	LQVLLDEEYK	9	0	329
659	1	QLVKDRK	4	0	329
660	1	CcmKDCcmGHR	2	0	330
661	1	TATLKYICcmAECcmSSK	5	0	330
662	1	EKbs3ohGPQVCcmAKLFGNIQK	9	0	331
663	1	LKIDPDTKAPNAVVITFEK	8	0	331
664	1	KAAPSPISHVAEIR	1	0	332
665	1	TIKATLPYIK	3	0	332
666	1	DCcmMoxIAHGAASFLKER	13	0	333
667	1	VGQQYSSAPLR	1	0	333
668	1	VVMoxMoxKYDR	5	0	334
669	1	VPSPTGEYVKEPEWVLETDGVNLSEVMoxTVPGIDPTR	10	0	334
670	1	VGQQYSSAPLR	1	0	335
671	1	NGPNEHPGAKYVIR	10	0	335
672	1	LTKDIFR	3	0	336
673	1	KAMoxSSR	1	0	336
674	1	EAQANLLTAKHGMTLR	10	0	337
675	1	VVMoxMKYDR	5	0	337
676	1	ILPTDGSAEFNVKYR	13	0	338
677	1	TLKEKAIPK	5	0	338
678	1	VVMMKYDR	5	0	339
679	1	TPSLTVYLEPGHAADQEQAKLIR	20	0	339
680	1	TPSLTVYLEPGHAADQEQAKLIR	20	0	340
681	1	VVMoxMKYDR	5	0	340
682	1	TPSLTVYLEPGHAADQEQAKLIR	20	0	341
683	1	VVMMoxKYDR	5	0	341
684	1	EKGPQVCcmAKLFGNIQK	9	0	342
685	1	LKIDPDTKAPNAVVITFEK	8	0	342
686	1	ILPTDGSAEFNVKYR	13	0	343
687	1	EKAIPKDQR	2	0	343
688	1	MoxKHGTYDKLDDDGLIAPGVR	2	0	344
689	1	SIAKTLTYPEVVTPYNIDR	4	0	344
690	1	VVMMoxKYDR	5	0	345
691	1	VPSPTGEYVKEPEWVLETDGVNLSEVMoxTVPGIDPTR	10	0	345
692	1	VVMoxMKYDR	5	0	346
693	1	VPSPTGEYVKEPEWVLETDGVNLSEVMoxTVPGIDPTR	10	0	346
694	1	TVKEVQFGLFSPEEVR	3	0	347
695	1	EKAIPKbs3ohDQR	2	0	347
696	1	VVMoxMoxKYDR	5	0	348
697	1	KVPSPTGEYVKEPEWVLETDGVNLSEVMTVPGIDPTR	11	0	348
698	1	VVMMoxKYDR	5	0	349
699	1	VPSPTGEYVKEPEWVLETDGVNLSEVMTVPGIDPTR	10	0	349
700	1	VVMoxMKYDR	5	0	350
701	1	VPSPTGEYVKEPEWVLETDGVNLSEVMTVPGIDPTR	10	0	350
702	1	IPLQSK	5	0	351
703	1	ILPTDGSAEFNVKYR	13	0	351
704	1	MKHGTYDK	2	0	352
705	1	SYMDQEKK	7	0	352
706	1	ILPTDGSAEFNVKYR	13	0	353
707	1	Tbs3nh2LKEKAIPK	5	0	353
708	1	NCcmYLSEATESDLYKLK	14	0	354
709	1	KGQELK	1	0	354
710	1	GCcmDNKIDIYQIHIPYAAK	5	0	355
711	1	NTYQSbs3ohAMoxGK	3	0	355
712	1	DIVKYAGPHENPGR	4	0	356
713	1	SIAKTLTYPEVVTPYNIDR	4	0	356
714	1	VVMoxMKYDR	5	0	357
715	1	KVPSPTGEYVKEPEWVLETDGVNLSEVMTVPGIDPTR	11	0	357
716	1	VVMMoxKYDR	5	0	358
717	1	KVPSPTGEYVKEPEWVLETDGVNLSEVMTVPGIDPTR	11	0	358
718	1	VLDVTK	5	0	359
719	1	EAQANLLTbs3nh2AKHGMTLR	10	0	359
720	1	KVCcmECcmVCcmMoxHCcmGK	1	0	360
721	1	FAAIWTLCcmKTK	9	0	360
722	1	DGKLAKPR	3	0	361
723	1	NMKTPSLTVYLEPGHAADQEQAKbs3ohLIR	3	0	361
724	1	SGRPVKSIR	6	0	362
725	1	LKGKbs3nh2EGR	2	0	362
726	1	DGKLAK	3	0	363
727	1	LKbs3ohGKEGR	4	0	363
728	1	VVMMoxKYDR	5	0	364
729	1	KVPSPTGEYVKEPEWVLETDGVNLSEVMoxTVPGIDPTR	11	0	364
730	1	VVMoxMKYDR	5	0	365
731	1	KVPSPTGEYVKEPEWVLETDGVNLSEVMoxTVPGIDPTR	11	0	365
732	1	LQVLLDEEYK	9	0	366
733	1	QLVKDR	4	0	366
734	1	IQYAKDILQK	5	0	367
735	1	GTALGIKbs3nh2KEKbs3nh2R	8	0	367
736	1	ILPTDGSAEFNVKYR	13	0	368
737	1	EKAIPKbs3nh2DQR	2	0	368
738	1	ILPTDGSAEFNVKYR	13	0	369
739	1	MNVSTSTFQTR	1	0	369
740	1	EGSSAR	4	0	370
741	1	KIENTMLENITLR	1	0	370
742	1	KMMSFQANPTEESISK	1	0	371
743	1	AKYCcmDSMoxGRPQR	2	0	371
744	1	DGKLAK	3	0	372
745	1	NMoxKTPSLTVYLEPGHAADQEQAK	3	0	372
746	1	IQYAKDILQK	5	0	373
747	1	RGTALGIKKbs3ohEK	8	0	373
748	1	IQYAKDILQK	5	0	374
749	1	RGTALGIKbs3ohKEK	9	0	374
750	1	DGKLAKPR	3	0	375
751	1	LKGKEGR	4	0	375
752	1	TVKEVQFGLFSPEEVR	3	0	376
753	1	TLKEKAIPK	5	0	376
754	1	DGKLAK	3	0	377
755	1	NMKTPSLTVYLEPGHAADQEQAK	3	0	377
756	1	LQVLLDEEYK	9	0	378
757	1	QLVKDRK	4	0	378
758	1	SYMDQEKK	7	0	379
759	1	MKHGTYDKLDDDGLIAPGVR	2	0	379
760	1	DGKLAKPR	3	0	380
761	1	TAETGYIQR	6	0	380
762	1	DGKLAK	3	0	381
763	1	NMoxKTPSLTVYLEPGHAADQEQAK	3	0	381
764	1	KSETSGR	1	0	382
765	1	QLVKDR	4	0	382
766	1	YRLKESQLPR	4	0	383
767	1	QALAIKDSK	6	0	383
768	1	KAMSSR	1	0	384
769	1	LTKDIFR	3	0	384
770	1	EGSSAR	4	0	385
771	1	KIENTMoxLENITLR	1	0	385
772	1	YRLKESQLPR	4	0	386
773	1	EKAIPK	2	0	386
774	1	LTKDIFR	3	0	387
775	1	DILQKEFLPHITQLEGFESR	5	0	387
776	1	TAYHSKR	6	0	388
777	1	VGQQYSSAPLR	1	0	388
778	1	KSETSGR	1	0	389
779	1	LVPSIPPATIETFNEAALVVNITHHELVPKHIR	30	0	389
780	1	HGMoxTLR	4	0	390
781	1	VLDVTKbs3ohEAQANLLTAK	14	0	390
782	1	SYMoxDQEKK	7	0	391
783	1	TAYHSKR	6	0	391
784	1	SALEKGSR	5	0	392
785	1	KLTKDIFR	4	0	392
786	1	VLDVTKbs3nh2EAQANLLTAK	14	0	393
787	1	HGMTLR	4	0	393
788	1	LKEILNVAK	2	0	394
789	1	EGLIDTAVKTAETGYIQR	9	0	394
790	1	DGKLAK	3	0	395
791	1	LKbs3nh2GKEGR	4	0	395
792	1	TAYHSKR	6	0	396
793	1	TTPISPDEEELGQR	5	0	396
794	1	HGMoxTLR	4	0	397
795	1	VLDVTKbs3ohEAQANLLTAK	14	0	397
796	1	DGKLAK	3	0	398
797	1	LKEILNVAKbs3ohNMK	2	0	398
798	1	GCcmDNKIDIYQIHIPYAAK	5	0	399
799	1	NTYQSbs3ohAMoxGK	3	0	399
800	1	ILPTDGSAEFNVKYR	13	0	400
801	1	EKAIPKbs3ohDQR	2	0	400
802	1	EAQANLLTAKHGMoxTLR	10	0	401
803	1	KVLDVTK	1	0	401
804	1	TVKEVQFGLFSPEEVR	3	0	402
805	1	TLKEKAIPKDQR	5	0	402
806	1	DGKLAKbs3ohPR	3	0	403
807	1	LKEILNVAK	2	0	403
808	1	ILPTDGSAEFNVKYR	13	0	404
809	1	Tbs3ohLKEKAIPK	5	0	404
810	1	ILPTDGSAEFNVKYR	13	0	405
811	1	TLKbs3ohEKAIPK	5	0	405
812	1	ADPVALYLGLKR	11	0	406
813	1	LSSDEKR	6	0	406
814	1	Tbs3ohVKEVQFGLFSPEEVR	3	0	407
815	1	TLKEKAIPK	5	0	407
816	1	VLDVTKbs3ohEAQANLLTAK	14	0	408
817	1	HGMTLR	4	0	408
818	1	KGQELK	1	0	409
819	1	YNPLEKR	6	0	409
820	1	KSbs3nh2ETbs3ohSbs3ohGR	1	0	410
821	1	QLVKDR	4	0	410
822	1	DGKLAK	3	0	411
823	1	SAGNIVQVFKbs3nh2KAAPSPISHVAEIR	11	0	411
824	1	EGSSAR	4	0	412
825	1	KIENTMoxLENITLR	1	0	412
826	1	DGKLAKPR	3	0	413
827	1	TAETGYIQR	6	0	413
828	1	TVKEVQFGLFSPEEVR	3	0	414
829	1	EKAIPK	2	0	414
830	1	ILPTDGSAEFNVKYR	13	0	415
831	1	MoxNVSTSTFQTR	1	0	415
832	1	SYMoxDQEKK	7	0	416
833	1	ILLKAR	4	0	416
834	1	DIVKYAGPHENPGR	4	0	417
835	1	SIAKTLTYPEVVTPYNIDR	4	0	417
836	1	VLDVTKbs3ohEAQANLLTAK	14	0	418
837	1	HGMTLR	4	0	418
838	1	VVRPKSLDAETEAEEDHMoxLK	5	0	419
839	1	EDKENNR	3	0	419
840	1	NIGHPIIQDKEGNGVLICcmK	10	0	420
841	1	EASKDNVDFILSbs3ohNVDLAMoxANSLR	4	0	420
842	1	VGQQYSSAPLR	1	0	421
843	1	NLKCcmQTCcmQEGMoxNECcmPGHFGHIDLAK	3	0	421
\.


--
-- Data for Name: spectra; Type: TABLE DATA; Schema: public; Owner: xiadmin
--

COPY public.spectra (id, upload_id, peak_list_file_name, scan_id, frag_tol, spectrum_ref, precursor_charge, precursor_mz, mz, intensity) FROM stdin;
\.


--
-- Data for Name: spectrum_identifications; Type: TABLE DATA; Schema: public; Owner: xiadmin
--

COPY public.spectrum_identifications (id, upload_id, spectrum_id, pep1_id, pep2_id, charge_state, pass_threshold, rank, ions, scores, exp_mz, calc_mz, meta1, meta2, meta3) FROM stdin;
0	1	0	0	1	4	t	1	peptide;b;y	{"score": 24.1085410787415}	-1	-1			
1	1	0	2	3	3	t	1	peptide;b;y	{"score": 22.000419315310396}	-1	-1			
2	1	0	4	5	4	t	1	peptide;b;y	{"score": 20.6349547646875}	-1	-1			
3	1	0	6	7	4	t	1	peptide;b;y	{"score": 19.5417813665592}	-1	-1			
4	1	0	8	9	5	t	1	peptide;b;y	{"score": 19.523295843678}	-1	-1			
5	1	0	10	11	3	t	1	peptide;b;y	{"score": 19.289432866367303}	-1	-1			
6	1	0	12	13	5	t	1	peptide;b;y	{"score": 18.9419727714366}	-1	-1			
7	1	0	14	15	5	t	1	peptide;b;y	{"score": 18.8616040885342}	-1	-1			
8	1	0	16	17	4	t	1	peptide;b;y	{"score": 18.7203885003486}	-1	-1			
9	1	0	18	19	3	t	1	peptide;b;y	{"score": 18.6791931292643}	-1	-1			
10	1	0	20	21	3	t	1	peptide;b;y	{"score": 18.5649271719918}	-1	-1			
11	1	0	22	23	5	t	1	peptide;b;y	{"score": 18.322365902242503}	-1	-1			
12	1	0	24	25	3	t	1	peptide;b;y	{"score": 18.3153477007075}	-1	-1			
13	1	0	26	27	3	t	1	peptide;b;y	{"score": 18.2446214836292}	-1	-1			
14	1	0	28	29	3	t	1	peptide;b;y	{"score": 17.880072098132}	-1	-1			
15	1	0	30	31	4	t	1	peptide;b;y	{"score": 17.827241683345303}	-1	-1			
16	1	0	32	33	3	t	1	peptide;b;y	{"score": 17.7852702581804}	-1	-1			
17	1	0	34	35	6	t	1	peptide;b;y	{"score": 17.7665110438578}	-1	-1			
18	1	0	36	37	5	t	1	peptide;b;y	{"score": 17.6841225900157}	-1	-1			
19	1	0	38	39	4	t	1	peptide;b;y	{"score": 17.4072369592539}	-1	-1			
20	1	0	40	41	4	t	1	peptide;b;y	{"score": 17.3378803940087}	-1	-1			
21	1	0	42	43	4	t	1	peptide;b;y	{"score": 17.2931045532914}	-1	-1			
22	1	0	44	45	4	t	1	peptide;b;y	{"score": 17.258930097601}	-1	-1			
23	1	0	46	47	4	t	1	peptide;b;y	{"score": 17.0350332154409}	-1	-1			
24	1	0	48	49	3	t	1	peptide;b;y	{"score": 16.9185495125313}	-1	-1			
25	1	0	50	51	6	t	1	peptide;b;y	{"score": 16.8463013727002}	-1	-1			
26	1	0	52	53	5	t	1	peptide;b;y	{"score": 16.8393038418085}	-1	-1			
27	1	0	54	55	3	t	1	peptide;b;y	{"score": 16.819250417835}	-1	-1			
28	1	0	56	57	5	t	1	peptide;b;y	{"score": 16.7854539277694}	-1	-1			
29	1	0	58	59	5	t	1	peptide;b;y	{"score": 16.766490273548502}	-1	-1			
30	1	0	60	61	5	t	1	peptide;b;y	{"score": 16.7660362336634}	-1	-1			
31	1	0	62	63	4	t	1	peptide;b;y	{"score": 16.5999591513311}	-1	-1			
32	1	0	64	65	4	t	1	peptide;b;y	{"score": 16.5016956910274}	-1	-1			
33	1	0	66	67	3	t	1	peptide;b;y	{"score": 16.4782596016144}	-1	-1			
34	1	0	68	69	3	t	1	peptide;b;y	{"score": 16.462307482286597}	-1	-1			
35	1	0	70	71	4	t	1	peptide;b;y	{"score": 16.4553825147966}	-1	-1			
36	1	0	72	73	4	t	1	peptide;b;y	{"score": 16.45182142733}	-1	-1			
37	1	0	74	75	7	t	1	peptide;b;y	{"score": 16.224865656389}	-1	-1			
38	1	0	76	77	5	t	1	peptide;b;y	{"score": 16.2078206096424}	-1	-1			
39	1	0	78	79	4	t	1	peptide;b;y	{"score": 16.0252649588127}	-1	-1			
40	1	0	80	81	4	t	1	peptide;b;y	{"score": 15.9840766683166}	-1	-1			
41	1	0	82	83	6	t	1	peptide;b;y	{"score": 15.7928368592905}	-1	-1			
42	1	0	84	85	3	t	1	peptide;b;y	{"score": 15.7302334993628}	-1	-1			
43	1	0	86	87	4	t	1	peptide;b;y	{"score": 15.6784498579999}	-1	-1			
44	1	0	88	89	5	t	1	peptide;b;y	{"score": 15.6550790777395}	-1	-1			
45	1	0	90	91	3	t	1	peptide;b;y	{"score": 15.6202725391168}	-1	-1			
46	1	0	92	93	3	t	1	peptide;b;y	{"score": 15.6043881578387}	-1	-1			
47	1	0	94	95	3	t	1	peptide;b;y	{"score": 15.594596945548599}	-1	-1			
48	1	0	96	97	4	t	1	peptide;b;y	{"score": 15.5880112983993}	-1	-1			
49	1	0	98	99	6	t	1	peptide;b;y	{"score": 15.5125005221979}	-1	-1			
50	1	0	100	101	5	t	1	peptide;b;y	{"score": 15.4009675453162}	-1	-1			
51	1	0	102	103	4	t	1	peptide;b;y	{"score": 15.2800927446535}	-1	-1			
52	1	0	104	105	4	t	1	peptide;b;y	{"score": 15.255191892956901}	-1	-1			
53	1	0	106	107	5	t	1	peptide;b;y	{"score": 14.9498403301121}	-1	-1			
54	1	0	108	109	4	t	1	peptide;b;y	{"score": 14.937242002546698}	-1	-1			
55	1	0	110	111	4	t	1	peptide;b;y	{"score": 14.8140447076101}	-1	-1			
56	1	0	112	113	6	t	1	peptide;b;y	{"score": 14.801883983064}	-1	-1			
57	1	0	114	115	4	t	1	peptide;b;y	{"score": 14.7669437049189}	-1	-1			
58	1	0	116	117	5	t	1	peptide;b;y	{"score": 14.7370223517349}	-1	-1			
59	1	0	118	119	5	t	1	peptide;b;y	{"score": 14.730987723324098}	-1	-1			
60	1	0	120	121	5	t	1	peptide;b;y	{"score": 14.7229252181226}	-1	-1			
61	1	0	122	123	4	t	1	peptide;b;y	{"score": 14.660661463366301}	-1	-1			
62	1	0	124	125	4	t	1	peptide;b;y	{"score": 14.6367298411975}	-1	-1			
63	1	0	126	127	5	t	1	peptide;b;y	{"score": 14.591533719463902}	-1	-1			
64	1	0	128	129	3	t	1	peptide;b;y	{"score": 14.568994593236498}	-1	-1			
65	1	0	130	131	4	t	1	peptide;b;y	{"score": 14.4470279059903}	-1	-1			
66	1	0	132	133	5	t	1	peptide;b;y	{"score": 14.4248645384386}	-1	-1			
67	1	0	134	135	4	t	1	peptide;b;y	{"score": 14.422165401047401}	-1	-1			
68	1	0	136	137	4	t	1	peptide;b;y	{"score": 14.4038128850631}	-1	-1			
69	1	0	138	139	3	t	1	peptide;b;y	{"score": 14.3895778040957}	-1	-1			
70	1	0	140	141	3	t	1	peptide;b;y	{"score": 14.377993380067899}	-1	-1			
71	1	0	142	143	5	t	1	peptide;b;y	{"score": 14.360220464279301}	-1	-1			
72	1	0	144	145	5	t	1	peptide;b;y	{"score": 14.3314826866242}	-1	-1			
73	1	0	146	147	4	t	1	peptide;b;y	{"score": 14.305726074523802}	-1	-1			
74	1	0	148	149	3	t	1	peptide;b;y	{"score": 14.279190664305197}	-1	-1			
75	1	0	150	151	4	t	1	peptide;b;y	{"score": 14.2722288684622}	-1	-1			
76	1	0	152	153	5	t	1	peptide;b;y	{"score": 14.0572287998291}	-1	-1			
77	1	0	154	155	5	t	1	peptide;b;y	{"score": 14.0430460838518}	-1	-1			
78	1	0	156	157	5	t	1	peptide;b;y	{"score": 14.015102410802697}	-1	-1			
79	1	0	158	159	4	t	1	peptide;b;y	{"score": 13.932334659205502}	-1	-1			
80	1	0	160	161	5	t	1	peptide;b;y	{"score": 13.9112977591022}	-1	-1			
81	1	0	162	163	5	t	1	peptide;b;y	{"score": 13.8564817471031}	-1	-1			
82	1	0	164	165	3	t	1	peptide;b;y	{"score": 13.830520593885801}	-1	-1			
83	1	0	166	167	4	t	1	peptide;b;y	{"score": 13.8235116732081}	-1	-1			
84	1	0	168	169	4	t	1	peptide;b;y	{"score": 13.7288301754702}	-1	-1			
85	1	0	170	171	5	t	1	peptide;b;y	{"score": 13.7240629954002}	-1	-1			
86	1	0	172	173	5	t	1	peptide;b;y	{"score": 13.708348351062801}	-1	-1			
87	1	0	174	175	3	t	1	peptide;b;y	{"score": 13.689582375638599}	-1	-1			
88	1	0	176	177	5	t	1	peptide;b;y	{"score": 13.669888051832599}	-1	-1			
89	1	0	178	179	5	t	1	peptide;b;y	{"score": 13.629591098888199}	-1	-1			
90	1	0	180	181	4	t	1	peptide;b;y	{"score": 13.603374040617302}	-1	-1			
91	1	0	182	183	5	t	1	peptide;b;y	{"score": 13.587520281963199}	-1	-1			
92	1	0	184	185	3	t	1	peptide;b;y	{"score": 13.498999466744198}	-1	-1			
93	1	0	186	187	4	t	1	peptide;b;y	{"score": 13.483774276839002}	-1	-1			
94	1	0	188	189	5	t	1	peptide;b;y	{"score": 13.4446284249021}	-1	-1			
95	1	0	190	191	6	t	1	peptide;b;y	{"score": 13.386703981619402}	-1	-1			
96	1	0	192	193	4	t	1	peptide;b;y	{"score": 13.346220176870501}	-1	-1			
97	1	0	194	195	3	t	1	peptide;b;y	{"score": 13.3339683434235}	-1	-1			
98	1	0	196	197	5	t	1	peptide;b;y	{"score": 13.3176122790061}	-1	-1			
99	1	0	198	199	3	t	1	peptide;b;y	{"score": 13.285232532692499}	-1	-1			
100	1	0	200	201	4	t	1	peptide;b;y	{"score": 13.2835467477337}	-1	-1			
101	1	0	202	203	3	t	1	peptide;b;y	{"score": 13.1596551270379}	-1	-1			
102	1	0	204	205	5	t	1	peptide;b;y	{"score": 13.1593693644801}	-1	-1			
103	1	0	206	207	5	t	1	peptide;b;y	{"score": 13.107857807976501}	-1	-1			
104	1	0	208	209	3	t	1	peptide;b;y	{"score": 13.0685823929296}	-1	-1			
105	1	0	210	211	3	t	1	peptide;b;y	{"score": 13.051536167441899}	-1	-1			
106	1	0	212	213	5	t	1	peptide;b;y	{"score": 13.0289567627759}	-1	-1			
107	1	0	214	215	5	t	1	peptide;b;y	{"score": 12.9925293030085}	-1	-1			
108	1	0	216	217	4	t	1	peptide;b;y	{"score": 12.9770486373946}	-1	-1			
109	1	0	218	219	4	t	1	peptide;b;y	{"score": 12.9728727056769}	-1	-1			
110	1	0	220	221	5	t	1	peptide;b;y	{"score": 12.933146550862501}	-1	-1			
111	1	0	222	223	4	t	1	peptide;b;y	{"score": 12.910875285204401}	-1	-1			
112	1	0	224	225	3	t	1	peptide;b;y	{"score": 12.9106081780831}	-1	-1			
113	1	0	226	227	5	t	1	peptide;b;y	{"score": 12.8834931228318}	-1	-1			
114	1	0	228	229	4	t	1	peptide;b;y	{"score": 12.770708190884}	-1	-1			
115	1	0	230	231	7	t	1	peptide;b;y	{"score": 12.7690673396586}	-1	-1			
116	1	0	232	233	5	t	1	peptide;b;y	{"score": 12.7372066183158}	-1	-1			
117	1	0	234	235	6	t	1	peptide;b;y	{"score": 12.7170454186928}	-1	-1			
118	1	0	236	237	5	t	1	peptide;b;y	{"score": 12.703632084217201}	-1	-1			
119	1	0	238	239	5	t	1	peptide;b;y	{"score": 12.648538134758699}	-1	-1			
120	1	0	240	241	6	t	1	peptide;b;y	{"score": 12.6481567096674}	-1	-1			
121	1	0	242	243	5	t	1	peptide;b;y	{"score": 12.6295647133215}	-1	-1			
122	1	0	244	245	5	t	1	peptide;b;y	{"score": 12.5889501195425}	-1	-1			
123	1	0	246	247	5	t	1	peptide;b;y	{"score": 12.4956220694512}	-1	-1			
124	1	0	248	249	3	t	1	peptide;b;y	{"score": 12.4950795635608}	-1	-1			
125	1	0	250	251	3	t	1	peptide;b;y	{"score": 12.4923477334804}	-1	-1			
126	1	0	252	253	4	t	1	peptide;b;y	{"score": 12.3809764009949}	-1	-1			
127	1	0	254	255	3	t	1	peptide;b;y	{"score": 12.337452603011402}	-1	-1			
128	1	0	256	257	3	t	1	peptide;b;y	{"score": 12.3150091619139}	-1	-1			
129	1	0	258	259	5	t	1	peptide;b;y	{"score": 12.299204681709302}	-1	-1			
130	1	0	260	261	5	t	1	peptide;b;y	{"score": 12.2915041147844}	-1	-1			
131	1	0	262	263	4	t	1	peptide;b;y	{"score": 12.289112405238301}	-1	-1			
132	1	0	264	265	4	t	1	peptide;b;y	{"score": 12.2351403660492}	-1	-1			
133	1	0	266	267	5	t	1	peptide;b;y	{"score": 12.1897687784756}	-1	-1			
134	1	0	268	269	4	t	1	peptide;b;y	{"score": 12.0514436534606}	-1	-1			
135	1	0	270	271	3	t	1	peptide;b;y	{"score": 12.0370458744241}	-1	-1			
136	1	0	272	273	4	t	1	peptide;b;y	{"score": 12.021299028624}	-1	-1			
137	1	0	274	275	5	t	1	peptide;b;y	{"score": 12.0192888962657}	-1	-1			
138	1	0	276	277	3	t	1	peptide;b;y	{"score": 11.9087815102339}	-1	-1			
139	1	0	278	279	6	t	1	peptide;b;y	{"score": 11.905421138808698}	-1	-1			
140	1	0	280	281	3	t	1	peptide;b;y	{"score": 11.8968028774844}	-1	-1			
141	1	0	282	283	4	t	1	peptide;b;y	{"score": 11.8501215226438}	-1	-1			
142	1	0	284	285	3	t	1	peptide;b;y	{"score": 11.7739315522174}	-1	-1			
143	1	0	286	287	3	t	1	peptide;b;y	{"score": 11.7466213888705}	-1	-1			
144	1	0	288	289	4	t	1	peptide;b;y	{"score": 11.7002077797207}	-1	-1			
145	1	0	290	291	4	t	1	peptide;b;y	{"score": 11.6159599360721}	-1	-1			
146	1	0	292	293	5	t	1	peptide;b;y	{"score": 11.6028713139184}	-1	-1			
147	1	0	294	295	3	t	1	peptide;b;y	{"score": 11.5648341641298}	-1	-1			
148	1	0	296	297	5	t	1	peptide;b;y	{"score": 11.5034071093604}	-1	-1			
149	1	0	298	299	5	t	1	peptide;b;y	{"score": 11.4814600090415}	-1	-1			
150	1	0	300	301	5	t	1	peptide;b;y	{"score": 11.470740074733401}	-1	-1			
151	1	0	302	303	3	t	1	peptide;b;y	{"score": 11.467275368232901}	-1	-1			
152	1	0	304	305	4	t	1	peptide;b;y	{"score": 11.459518270708001}	-1	-1			
153	1	0	306	307	5	t	1	peptide;b;y	{"score": 11.456783541856598}	-1	-1			
154	1	0	308	309	4	t	1	peptide;b;y	{"score": 11.447377167978301}	-1	-1			
155	1	0	310	311	4	t	1	peptide;b;y	{"score": 11.4088657915029}	-1	-1			
156	1	0	312	313	4	t	1	peptide;b;y	{"score": 11.4063062346664}	-1	-1			
157	1	0	314	315	4	t	1	peptide;b;y	{"score": 11.4059373216178}	-1	-1			
158	1	0	316	317	3	t	1	peptide;b;y	{"score": 11.385348272936001}	-1	-1			
159	1	0	318	319	4	t	1	peptide;b;y	{"score": 11.3763405127564}	-1	-1			
160	1	0	320	321	4	t	1	peptide;b;y	{"score": 11.3214497483048}	-1	-1			
161	1	0	322	323	5	t	1	peptide;b;y	{"score": 11.273175688523901}	-1	-1			
162	1	0	324	325	3	t	1	peptide;b;y	{"score": 11.2548132590191}	-1	-1			
163	1	0	326	327	4	t	1	peptide;b;y	{"score": 11.2056422871732}	-1	-1			
164	1	0	328	329	5	t	1	peptide;b;y	{"score": 11.118102559893401}	-1	-1			
165	1	0	330	331	5	t	1	peptide;b;y	{"score": 11.108040908045401}	-1	-1			
166	1	0	332	333	6	t	1	peptide;b;y	{"score": 11.040282128419001}	-1	-1			
167	1	0	334	335	4	t	1	peptide;b;y	{"score": 11.0058069214629}	-1	-1			
168	1	0	336	337	5	t	1	peptide;b;y	{"score": 10.9962659068226}	-1	-1			
169	1	0	338	339	4	t	1	peptide;b;y	{"score": 10.961270356978801}	-1	-1			
170	1	0	340	341	3	t	1	peptide;b;y	{"score": 10.9493446754037}	-1	-1			
171	1	0	342	343	3	t	1	peptide;b;y	{"score": 10.943393200317098}	-1	-1			
172	1	0	344	345	4	t	1	peptide;b;y	{"score": 10.919492615308302}	-1	-1			
173	1	0	346	347	4	t	1	peptide;b;y	{"score": 10.9005949554914}	-1	-1			
174	1	0	348	349	4	t	1	peptide;b;y	{"score": 10.887542209416402}	-1	-1			
175	1	0	350	351	4	t	1	peptide;b;y	{"score": 10.882088083726302}	-1	-1			
176	1	0	352	353	4	t	1	peptide;b;y	{"score": 10.858627037416401}	-1	-1			
177	1	0	354	355	4	t	1	peptide;b;y	{"score": 10.7139640323778}	-1	-1			
178	1	0	356	357	3	t	1	peptide;b;y	{"score": 10.6947594657654}	-1	-1			
179	1	0	358	359	3	t	1	peptide;b;y	{"score": 10.658159269116599}	-1	-1			
180	1	0	360	361	4	t	1	peptide;b;y	{"score": 10.652189790182401}	-1	-1			
181	1	0	362	363	4	t	1	peptide;b;y	{"score": 10.6485010534674}	-1	-1			
182	1	0	364	365	4	t	1	peptide;b;y	{"score": 10.612735683067699}	-1	-1			
183	1	0	366	367	4	t	1	peptide;b;y	{"score": 10.5943365640555}	-1	-1			
184	1	0	368	369	3	t	1	peptide;b;y	{"score": 10.5801686811401}	-1	-1			
185	1	0	370	371	4	t	1	peptide;b;y	{"score": 10.5798082102952}	-1	-1			
186	1	0	372	373	6	t	1	peptide;b;y	{"score": 10.5757682575609}	-1	-1			
187	1	0	374	375	4	t	1	peptide;b;y	{"score": 10.5559468460364}	-1	-1			
188	1	0	376	377	5	t	1	peptide;b;y	{"score": 10.5311082634764}	-1	-1			
189	1	0	378	379	3	t	1	peptide;b;y	{"score": 10.4332291218461}	-1	-1			
190	1	0	380	381	4	t	1	peptide;b;y	{"score": 10.4251290802453}	-1	-1			
191	1	0	382	383	4	t	1	peptide;b;y	{"score": 10.419503536836801}	-1	-1			
192	1	0	384	385	4	t	1	peptide;b;y	{"score": 10.4086885726602}	-1	-1			
193	1	0	386	387	5	t	1	peptide;b;y	{"score": 10.3835531343186}	-1	-1			
194	1	0	388	389	5	t	1	peptide;b;y	{"score": 10.382849693552}	-1	-1			
195	1	0	390	391	6	t	1	peptide;b;y	{"score": 10.364820163230801}	-1	-1			
196	1	0	392	393	6	t	1	peptide;b;y	{"score": 10.3567909415629}	-1	-1			
197	1	0	394	395	6	t	1	peptide;b;y	{"score": 10.350807648330699}	-1	-1			
198	1	0	396	397	5	t	1	peptide;b;y	{"score": 10.3479690462463}	-1	-1			
199	1	0	398	399	5	t	1	peptide;b;y	{"score": 10.3300807936799}	-1	-1			
200	1	0	400	401	4	t	1	peptide;b;y	{"score": 10.3285056607273}	-1	-1			
201	1	0	402	403	4	t	1	peptide;b;y	{"score": 10.2924124189778}	-1	-1			
202	1	0	404	405	4	t	1	peptide;b;y	{"score": 10.2629372200399}	-1	-1			
203	1	0	406	407	4	t	1	peptide;b;y	{"score": 10.2525747035759}	-1	-1			
204	1	0	408	409	4	t	1	peptide;b;y	{"score": 10.21534687402}	-1	-1			
205	1	0	410	411	3	t	1	peptide;b;y	{"score": 10.1999525922964}	-1	-1			
206	1	0	412	413	3	t	1	peptide;b;y	{"score": 10.175110947702802}	-1	-1			
207	1	0	414	415	5	t	1	peptide;b;y	{"score": 10.1601916919186}	-1	-1			
208	1	0	416	417	3	t	1	peptide;b;y	{"score": 10.141936662351402}	-1	-1			
209	1	0	418	419	5	t	1	peptide;b;y	{"score": 10.1323921782345}	-1	-1			
210	1	0	420	421	4	t	1	peptide;b;y	{"score": 10.1256204981444}	-1	-1			
211	1	0	422	423	5	t	1	peptide;b;y	{"score": 10.116317383018401}	-1	-1			
212	1	0	424	425	7	t	1	peptide;b;y	{"score": 10.1057760799884}	-1	-1			
213	1	0	426	427	5	t	1	peptide;b;y	{"score": 10.0530631416068}	-1	-1			
214	1	0	428	429	4	t	1	peptide;b;y	{"score": 10.0445047682588}	-1	-1			
215	1	0	430	431	5	t	1	peptide;b;y	{"score": 9.93730866382471}	-1	-1			
216	1	0	432	433	8	t	1	peptide;b;y	{"score": 9.88035625593807}	-1	-1			
217	1	0	434	435	5	t	1	peptide;b;y	{"score": 9.857460314741079}	-1	-1			
218	1	0	436	437	5	t	1	peptide;b;y	{"score": 9.853828738575329}	-1	-1			
219	1	0	438	439	4	t	1	peptide;b;y	{"score": 9.84818736736256}	-1	-1			
220	1	0	440	441	4	t	1	peptide;b;y	{"score": 9.787214156505552}	-1	-1			
221	1	0	442	443	5	t	1	peptide;b;y	{"score": 9.759394686699892}	-1	-1			
222	1	0	444	445	6	t	1	peptide;b;y	{"score": 9.74827801343747}	-1	-1			
223	1	0	446	447	5	t	1	peptide;b;y	{"score": 9.72629660155974}	-1	-1			
224	1	0	448	449	5	t	1	peptide;b;y	{"score": 9.71589684694376}	-1	-1			
225	1	0	450	451	3	t	1	peptide;b;y	{"score": 9.699737266387881}	-1	-1			
226	1	0	452	453	4	t	1	peptide;b;y	{"score": 9.69966784471283}	-1	-1			
227	1	0	454	455	3	t	1	peptide;b;y	{"score": 9.67894986945946}	-1	-1			
228	1	0	456	457	3	t	1	peptide;b;y	{"score": 9.65678124239201}	-1	-1			
229	1	0	458	459	6	t	1	peptide;b;y	{"score": 9.625096975866029}	-1	-1			
230	1	0	460	461	6	t	1	peptide;b;y	{"score": 9.61406713773008}	-1	-1			
231	1	0	462	463	4	t	1	peptide;b;y	{"score": 9.53098208666418}	-1	-1			
232	1	0	464	465	4	t	1	peptide;b;y	{"score": 9.530779756471869}	-1	-1			
233	1	0	466	467	3	t	1	peptide;b;y	{"score": 9.525941377077618}	-1	-1			
234	1	0	468	469	5	t	1	peptide;b;y	{"score": 9.50598883116746}	-1	-1			
235	1	0	470	471	3	t	1	peptide;b;y	{"score": 9.49712936332153}	-1	-1			
236	1	0	472	473	3	t	1	peptide;b;y	{"score": 9.49244014639515}	-1	-1			
237	1	0	474	475	6	t	1	peptide;b;y	{"score": 9.462078363236179}	-1	-1			
238	1	0	476	477	4	t	1	peptide;b;y	{"score": 9.443750922596038}	-1	-1			
239	1	0	478	479	4	t	1	peptide;b;y	{"score": 9.43033328585239}	-1	-1			
240	1	0	480	481	4	t	1	peptide;b;y	{"score": 9.28455212274034}	-1	-1			
241	1	0	482	483	4	t	1	peptide;b;y	{"score": 9.23472050496748}	-1	-1			
242	1	0	484	485	5	t	1	peptide;b;y	{"score": 9.222003682473778}	-1	-1			
243	1	0	486	487	3	t	1	peptide;b;y	{"score": 9.18340014696923}	-1	-1			
244	1	0	488	489	3	t	1	peptide;b;y	{"score": 9.17788035656249}	-1	-1			
245	1	0	490	491	4	t	1	peptide;b;y	{"score": 9.02048218862043}	-1	-1			
246	1	0	492	493	4	t	1	peptide;b;y	{"score": 9.00329091488938}	-1	-1			
247	1	0	494	495	6	t	1	peptide;b;y	{"score": 8.94784172782922}	-1	-1			
248	1	0	496	497	6	t	1	peptide;b;y	{"score": 8.93731336800874}	-1	-1			
249	1	0	498	499	3	t	1	peptide;b;y	{"score": 8.910280624032062}	-1	-1			
250	1	0	500	501	6	t	1	peptide;b;y	{"score": 8.905048289046071}	-1	-1			
251	1	0	502	503	5	t	1	peptide;b;y	{"score": 8.85996636238885}	-1	-1			
252	1	0	504	505	6	t	1	peptide;b;y	{"score": 8.81856977764337}	-1	-1			
253	1	0	506	507	4	t	1	peptide;b;y	{"score": 8.81225394764582}	-1	-1			
254	1	0	508	509	4	t	1	peptide;b;y	{"score": 8.79517293285337}	-1	-1			
255	1	0	510	511	4	t	1	peptide;b;y	{"score": 8.727474066091041}	-1	-1			
256	1	0	512	513	4	t	1	peptide;b;y	{"score": 8.71827730313367}	-1	-1			
257	1	0	514	515	4	t	1	peptide;b;y	{"score": 8.685666915918269}	-1	-1			
258	1	0	516	517	4	t	1	peptide;b;y	{"score": 8.6191470154128}	-1	-1			
259	1	0	518	519	4	t	1	peptide;b;y	{"score": 8.58609430200472}	-1	-1			
260	1	0	520	521	4	t	1	peptide;b;y	{"score": 8.5859350162421}	-1	-1			
261	1	0	522	523	4	t	1	peptide;b;y	{"score": 8.48553572383098}	-1	-1			
262	1	0	524	525	7	t	1	peptide;b;y	{"score": 8.38805991648955}	-1	-1			
263	1	0	526	527	6	t	1	peptide;b;y	{"score": 8.36649462592997}	-1	-1			
264	1	0	528	529	6	t	1	peptide;b;y	{"score": 8.33727244778105}	-1	-1			
265	1	0	530	531	6	t	1	peptide;b;y	{"score": 8.33139942594016}	-1	-1			
266	1	0	532	533	4	t	1	peptide;b;y	{"score": 8.30049048691119}	-1	-1			
267	1	0	534	535	4	t	1	peptide;b;y	{"score": 8.26615066819928}	-1	-1			
268	1	0	536	537	5	t	1	peptide;b;y	{"score": 8.23253482991865}	-1	-1			
269	1	0	538	539	6	t	1	peptide;b;y	{"score": 8.22436477806743}	-1	-1			
270	1	0	540	541	4	t	1	peptide;b;y	{"score": 8.18094619084508}	-1	-1			
271	1	0	542	543	4	t	1	peptide;b;y	{"score": 8.126792808386071}	-1	-1			
272	1	0	544	545	5	t	1	peptide;b;y	{"score": 8.113263813237701}	-1	-1			
273	1	0	546	547	3	t	1	peptide;b;y	{"score": 8.09003058538954}	-1	-1			
274	1	0	548	549	4	t	1	peptide;b;y	{"score": 8.08819462231341}	-1	-1			
275	1	0	550	551	4	t	1	peptide;b;y	{"score": 8.07793975466288}	-1	-1			
276	1	0	552	553	4	t	1	peptide;b;y	{"score": 8.06564092918393}	-1	-1			
277	1	0	554	555	5	t	1	peptide;b;y	{"score": 8.00631020931634}	-1	-1			
278	1	0	556	557	3	t	1	peptide;b;y	{"score": 7.99122222782976}	-1	-1			
279	1	0	558	559	6	t	1	peptide;b;y	{"score": 7.98488386004522}	-1	-1			
280	1	0	560	561	4	t	1	peptide;b;y	{"score": 7.95456524608838}	-1	-1			
281	1	0	562	563	4	t	1	peptide;b;y	{"score": 7.927480943943911}	-1	-1			
282	1	0	564	565	4	t	1	peptide;b;y	{"score": 7.901367746646531}	-1	-1			
283	1	0	566	567	4	t	1	peptide;b;y	{"score": 7.87756636278386}	-1	-1			
284	1	0	568	569	3	t	1	peptide;b;y	{"score": 7.83040664977492}	-1	-1			
285	1	0	570	571	4	t	1	peptide;b;y	{"score": 7.82188269492458}	-1	-1			
286	1	0	572	573	5	t	1	peptide;b;y	{"score": 7.76242355421251}	-1	-1			
287	1	0	574	575	5	t	1	peptide;b;y	{"score": 7.754599784822969}	-1	-1			
288	1	0	576	577	5	t	1	peptide;b;y	{"score": 7.7454110366467095}	-1	-1			
289	1	0	578	579	4	t	1	peptide;b;y	{"score": 7.74364006195289}	-1	-1			
290	1	0	580	581	4	t	1	peptide;b;y	{"score": 7.69263531461429}	-1	-1			
291	1	0	582	583	6	t	1	peptide;b;y	{"score": 7.678653068585089}	-1	-1			
292	1	0	584	585	4	t	1	peptide;b;y	{"score": 7.64899272641872}	-1	-1			
293	1	0	586	587	4	t	1	peptide;b;y	{"score": 7.624145127311079}	-1	-1			
294	1	0	588	589	4	t	1	peptide;b;y	{"score": 7.60934366573416}	-1	-1			
295	1	0	590	591	4	t	1	peptide;b;y	{"score": 7.6092154980075195}	-1	-1			
296	1	0	592	593	6	t	1	peptide;b;y	{"score": 7.60788911671134}	-1	-1			
297	1	0	594	595	6	t	1	peptide;b;y	{"score": 7.5163335660945}	-1	-1			
298	1	0	596	597	3	t	1	peptide;b;y	{"score": 7.4771506913949}	-1	-1			
299	1	0	598	599	6	t	1	peptide;b;y	{"score": 7.474494977163559}	-1	-1			
300	1	0	600	601	3	t	1	peptide;b;y	{"score": 7.47313360935882}	-1	-1			
301	1	0	602	603	7	t	1	peptide;b;y	{"score": 7.43563118583248}	-1	-1			
302	1	0	604	605	3	t	1	peptide;b;y	{"score": 7.42093811108608}	-1	-1			
303	1	0	606	607	3	t	1	peptide;b;y	{"score": 7.4166699987086}	-1	-1			
304	1	0	608	609	3	t	1	peptide;b;y	{"score": 7.407058768581929}	-1	-1			
305	1	0	610	611	4	t	1	peptide;b;y	{"score": 7.402346475991889}	-1	-1			
306	1	0	612	613	5	t	1	peptide;b;y	{"score": 7.38452145298998}	-1	-1			
307	1	0	614	615	5	t	1	peptide;b;y	{"score": 7.33474636186618}	-1	-1			
308	1	0	616	617	5	t	1	peptide;b;y	{"score": 7.2288807145390095}	-1	-1			
309	1	0	618	619	5	t	1	peptide;b;y	{"score": 7.21862017785808}	-1	-1			
310	1	0	620	621	3	t	1	peptide;b;y	{"score": 7.2163889810701}	-1	-1			
311	1	0	622	623	3	t	1	peptide;b;y	{"score": 7.173921297637651}	-1	-1			
312	1	0	624	625	4	t	1	peptide;b;y	{"score": 7.16269120344787}	-1	-1			
313	1	0	626	627	4	t	1	peptide;b;y	{"score": 7.14953213943689}	-1	-1			
314	1	0	628	629	4	t	1	peptide;b;y	{"score": 7.14358913466964}	-1	-1			
315	1	0	630	631	4	t	1	peptide;b;y	{"score": 7.131711186309559}	-1	-1			
316	1	0	632	633	3	t	1	peptide;b;y	{"score": 7.086160762867951}	-1	-1			
317	1	0	634	635	4	t	1	peptide;b;y	{"score": 7.029334860130009}	-1	-1			
318	1	0	636	637	4	t	1	peptide;b;y	{"score": 7.00605628557944}	-1	-1			
319	1	0	638	639	4	t	1	peptide;b;y	{"score": 6.96747625333336}	-1	-1			
320	1	0	640	641	3	t	1	peptide;b;y	{"score": 6.95593060829284}	-1	-1			
321	1	0	642	643	4	t	1	peptide;b;y	{"score": 6.9459883844570305}	-1	-1			
322	1	0	644	645	3	t	1	peptide;b;y	{"score": 6.9320474973831}	-1	-1			
323	1	0	646	647	5	t	1	peptide;b;y	{"score": 6.912114405172219}	-1	-1			
324	1	0	648	649	5	t	1	peptide;b;y	{"score": 6.875156618305369}	-1	-1			
325	1	0	650	651	4	t	1	peptide;b;y	{"score": 6.82011394071696}	-1	-1			
326	1	0	652	653	4	t	1	peptide;b;y	{"score": 6.71023979884794}	-1	-1			
327	1	0	654	655	5	t	1	peptide;b;y	{"score": 6.64480610705058}	-1	-1			
328	1	0	656	657	4	t	1	peptide;b;y	{"score": 6.62217256837295}	-1	-1			
329	1	0	658	659	3	t	1	peptide;b;y	{"score": 6.608263610253579}	-1	-1			
330	1	0	660	661	5	t	1	peptide;b;y	{"score": 6.60348296466448}	-1	-1			
331	1	0	662	663	5	t	1	peptide;b;y	{"score": 6.562662740726429}	-1	-1			
332	1	0	664	665	5	t	1	peptide;b;y	{"score": 6.55220440098133}	-1	-1			
333	1	0	666	667	4	t	1	peptide;b;y	{"score": 6.53686761272152}	-1	-1			
334	1	0	668	669	4	t	1	peptide;b;y	{"score": 6.52476156907778}	-1	-1			
335	1	0	670	671	4	t	1	peptide;b;y	{"score": 6.51329114128432}	-1	-1			
336	1	0	672	673	4	t	1	peptide;b;y	{"score": 6.48207619370906}	-1	-1			
337	1	0	674	675	5	t	1	peptide;b;y	{"score": 6.462012972865129}	-1	-1			
338	1	0	676	677	5	t	1	peptide;b;y	{"score": 6.45340181934679}	-1	-1			
339	1	0	678	679	4	t	1	peptide;b;y	{"score": 6.44518091187259}	-1	-1			
340	1	0	680	681	4	t	1	peptide;b;y	{"score": 6.438418964862191}	-1	-1			
341	1	0	682	683	4	t	1	peptide;b;y	{"score": 6.438418964862191}	-1	-1			
342	1	0	684	685	5	t	1	peptide;b;y	{"score": 6.4169522056911505}	-1	-1			
343	1	0	686	687	5	t	1	peptide;b;y	{"score": 6.394295075538019}	-1	-1			
344	1	0	688	689	5	t	1	peptide;b;y	{"score": 6.34893217173819}	-1	-1			
345	1	0	690	691	4	t	1	peptide;b;y	{"score": 6.32493318297183}	-1	-1			
346	1	0	692	693	4	t	1	peptide;b;y	{"score": 6.32493318297183}	-1	-1			
347	1	0	694	695	4	t	1	peptide;b;y	{"score": 6.30057905040537}	-1	-1			
348	1	0	696	697	5	t	1	peptide;b;y	{"score": 6.23861408571647}	-1	-1			
349	1	0	698	699	5	t	1	peptide;b;y	{"score": 6.202443018132019}	-1	-1			
350	1	0	700	701	5	t	1	peptide;b;y	{"score": 6.202443018132019}	-1	-1			
351	1	0	702	703	4	t	1	peptide;b;y	{"score": 6.1991766071694805}	-1	-1			
352	1	0	704	705	4	t	1	peptide;b;y	{"score": 6.176666653098541}	-1	-1			
353	1	0	706	707	5	t	1	peptide;b;y	{"score": 6.1706031086379305}	-1	-1			
354	1	0	708	709	5	t	1	peptide;b;y	{"score": 6.163497249829629}	-1	-1			
355	1	0	710	711	3	t	1	peptide;b;y	{"score": 6.15664687695724}	-1	-1			
356	1	0	712	713	3	t	1	peptide;b;y	{"score": 6.12817721892534}	-1	-1			
357	1	0	714	715	6	t	1	peptide;b;y	{"score": 6.1140062017096195}	-1	-1			
358	1	0	716	717	6	t	1	peptide;b;y	{"score": 6.1140062017096195}	-1	-1			
359	1	0	718	719	3	t	1	peptide;b;y	{"score": 6.0718530607425}	-1	-1			
360	1	0	720	721	5	t	1	peptide;b;y	{"score": 6.05561391026989}	-1	-1			
361	1	0	722	723	6	t	1	peptide;b;y	{"score": 6.00050450915317}	-1	-1			
362	1	0	724	725	5	t	1	peptide;b;y	{"score": 5.928288920607691}	-1	-1			
363	1	0	726	727	4	t	1	peptide;b;y	{"score": 5.904164748525339}	-1	-1			
364	1	0	728	729	5	t	1	peptide;b;y	{"score": 5.68398085262426}	-1	-1			
365	1	0	730	731	5	t	1	peptide;b;y	{"score": 5.68398085262426}	-1	-1			
366	1	0	732	733	4	t	1	peptide;b;y	{"score": 5.622400987599669}	-1	-1			
367	1	0	734	735	4	t	1	peptide;b;y	{"score": 5.56421053977647}	-1	-1			
368	1	0	736	737	5	t	1	peptide;b;y	{"score": 5.550486608320321}	-1	-1			
369	1	0	738	739	3	t	1	peptide;b;y	{"score": 5.547796565901691}	-1	-1			
370	1	0	740	741	4	t	1	peptide;b;y	{"score": 5.53456791831732}	-1	-1			
371	1	0	742	743	5	t	1	peptide;b;y	{"score": 5.51734404814169}	-1	-1			
372	1	0	744	745	4	t	1	peptide;b;y	{"score": 5.50529299551705}	-1	-1			
373	1	0	746	747	4	t	1	peptide;b;y	{"score": 5.490679434416339}	-1	-1			
374	1	0	748	749	4	t	1	peptide;b;y	{"score": 5.490679434416339}	-1	-1			
375	1	0	750	751	3	t	1	peptide;b;y	{"score": 5.48828212740605}	-1	-1			
376	1	0	752	753	3	t	1	peptide;b;y	{"score": 5.43515141193815}	-1	-1			
377	1	0	754	755	5	t	1	peptide;b;y	{"score": 5.417853779108889}	-1	-1			
378	1	0	756	757	4	t	1	peptide;b;y	{"score": 5.39452474704166}	-1	-1			
379	1	0	758	759	6	t	1	peptide;b;y	{"score": 5.34524281854879}	-1	-1			
380	1	0	760	761	5	t	1	peptide;b;y	{"score": 5.205450047832731}	-1	-1			
381	1	0	762	763	5	t	1	peptide;b;y	{"score": 5.17842150468258}	-1	-1			
382	1	0	764	765	4	t	1	peptide;b;y	{"score": 5.13185161511879}	-1	-1			
383	1	0	766	767	3	t	1	peptide;b;y	{"score": 4.84652557987103}	-1	-1			
384	1	0	768	769	3	t	1	peptide;b;y	{"score": 4.771011680812309}	-1	-1			
385	1	0	770	771	4	t	1	peptide;b;y	{"score": 4.74435410156213}	-1	-1			
386	1	0	772	773	4	t	1	peptide;b;y	{"score": 4.55855931163624}	-1	-1			
387	1	0	774	775	4	t	1	peptide;b;y	{"score": 4.396165274347729}	-1	-1			
388	1	0	776	777	4	t	1	peptide;b;y	{"score": 4.3905697554195}	-1	-1			
389	1	0	778	779	6	t	1	peptide;b;y	{"score": 4.34544749486997}	-1	-1			
390	1	0	780	781	3	t	1	peptide;b;y	{"score": 4.24937986974087}	-1	-1			
391	1	0	782	783	4	t	1	peptide;b;y	{"score": 4.1947214694974395}	-1	-1			
392	1	0	784	785	4	t	1	peptide;b;y	{"score": 4.068011141887371}	-1	-1			
393	1	0	786	787	3	t	1	peptide;b;y	{"score": 3.89041057076876}	-1	-1			
394	1	0	788	789	5	t	1	peptide;b;y	{"score": 3.84675059637171}	-1	-1			
395	1	0	790	791	4	t	1	peptide;b;y	{"score": 3.7864216977358103}	-1	-1			
396	1	0	792	793	5	t	1	peptide;b;y	{"score": 3.77935998319082}	-1	-1			
397	1	0	794	795	4	t	1	peptide;b;y	{"score": 3.6669838235388}	-1	-1			
398	1	0	796	797	4	t	1	peptide;b;y	{"score": 3.63270841143309}	-1	-1			
399	1	0	798	799	5	t	1	peptide;b;y	{"score": 3.50305781697865}	-1	-1			
400	1	0	800	801	4	t	1	peptide;b;y	{"score": 3.35406668681784}	-1	-1			
401	1	0	802	803	5	t	1	peptide;b;y	{"score": 3.0093821746171003}	-1	-1			
402	1	0	804	805	5	t	1	peptide;b;y	{"score": 3.0067442206571}	-1	-1			
403	1	0	806	807	4	t	1	peptide;b;y	{"score": 2.9967620025012796}	-1	-1			
404	1	0	808	809	5	t	1	peptide;b;y	{"score": 2.97348104350687}	-1	-1			
405	1	0	810	811	5	t	1	peptide;b;y	{"score": 2.97348104350687}	-1	-1			
406	1	0	812	813	5	t	1	peptide;b;y	{"score": 2.89131744559893}	-1	-1			
407	1	0	814	815	4	t	1	peptide;b;y	{"score": 2.85324475763006}	-1	-1			
408	1	0	816	817	3	t	1	peptide;b;y	{"score": 2.6124491246316297}	-1	-1			
409	1	0	818	819	3	t	1	peptide;b;y	{"score": 2.6042289735128104}	-1	-1			
410	1	0	820	821	3	t	1	peptide;b;y	{"score": 2.52584725149722}	-1	-1			
411	1	0	822	823	5	t	1	peptide;b;y	{"score": 2.4243256959726502}	-1	-1			
412	1	0	824	825	3	t	1	peptide;b;y	{"score": 2.3409869794015603}	-1	-1			
413	1	0	826	827	3	t	1	peptide;b;y	{"score": 2.31180069726882}	-1	-1			
414	1	0	828	829	5	t	1	peptide;b;y	{"score": 2.1220053012905202}	-1	-1			
415	1	0	830	831	4	t	1	peptide;b;y	{"score": 2.10966749807923}	-1	-1			
416	1	0	832	833	4	t	1	peptide;b;y	{"score": 1.55145514446186}	-1	-1			
417	1	0	834	835	6	t	1	peptide;b;y	{"score": 1.42717973291215}	-1	-1			
418	1	0	836	837	4	t	1	peptide;b;y	{"score": 1.4106339163516}	-1	-1			
419	1	0	838	839	4	t	1	peptide;b;y	{"score": 1.2385373083768603}	-1	-1			
420	1	0	840	841	6	t	1	peptide;b;y	{"score": 1.00667211307343}	-1	-1			
421	1	0	842	843	6	t	1	peptide;b;y	{"score": 0.34129703001014694}	-1	-1			
\.


--
-- Data for Name: uploads; Type: TABLE DATA; Schema: public; Owner: xiadmin
--

COPY public.uploads (id, user_id, filename, peak_list_file_names, analysis_software, provider, audits, samples, analyses, protocol, bib, spectra_formats, upload_time, default_pdb, contains_crosslinks, upload_error, error_type, upload_warnings, origin, random_id, deleted, ident_count, ident_file_size, zipped_peak_list_file_size) FROM stdin;
1	0	PolII_nopeaklist.csv	\N	\N	\N	\N	\N	\N	\N	\N	\N	\N	\N	\N	\N	\N	\N	-	0	f	\N	\N	\N
\.


--
-- Data for Name: user_in_group; Type: TABLE DATA; Schema: public; Owner: xiadmin
--

COPY public.user_in_group (user_id, group_id) FROM stdin;
\.


--
-- Data for Name: users; Type: TABLE DATA; Schema: public; Owner: xiadmin
--

COPY public.users (user_name, password, email, max_aas, max_spectra, gdpr_token, id, ptoken, hidden, ptoken_timestamp, gdpr_timestamp) FROM stdin;
\.


--
-- Name: uploads_id_seq; Type: SEQUENCE SET; Schema: public; Owner: xiadmin
--

SELECT pg_catalog.setval('public.uploads_id_seq', 1, true);


--
-- Name: users_id_seq; Type: SEQUENCE SET; Schema: public; Owner: xiadmin
--

SELECT pg_catalog.setval('public.users_id_seq', 1, false);


--
-- Name: layouts layouts_pkey; Type: CONSTRAINT; Schema: public; Owner: xiadmin
--

ALTER TABLE ONLY public.layouts
    ADD CONSTRAINT layouts_pkey PRIMARY KEY (search_id, user_id, "time");


--
-- Name: uploads uploads_pkey; Type: CONSTRAINT; Schema: public; Owner: xiadmin
--

ALTER TABLE ONLY public.uploads
    ADD CONSTRAINT uploads_pkey PRIMARY KEY (id);


--
-- Name: peptide_evidences_upload_id_idx; Type: INDEX; Schema: public; Owner: xiadmin
--

CREATE INDEX peptide_evidences_upload_id_idx ON public.peptide_evidences USING btree (upload_id);


--
-- Name: peptides_upload_id_idx; Type: INDEX; Schema: public; Owner: xiadmin
--

CREATE INDEX peptides_upload_id_idx ON public.peptides USING btree (upload_id);


--
-- Name: spectra_upload_id_idx; Type: INDEX; Schema: public; Owner: xiadmin
--

CREATE INDEX spectra_upload_id_idx ON public.spectra USING btree (upload_id);


--
-- Name: spectrum_identifications_upload_id_idx; Type: INDEX; Schema: public; Owner: xiadmin
--

CREATE INDEX spectrum_identifications_upload_id_idx ON public.spectrum_identifications USING btree (upload_id);


--
-- PostgreSQL database dump complete
--

