--
-- PostgreSQL database dump
--

-- Dumped from database version 12.8 (Ubuntu 12.8-1.pgdg20.04+1)
-- Dumped by pg_dump version 12.8 (Ubuntu 12.8-1.pgdg20.04+1)

SET statement_timeout = 0;
SET lock_timeout = 0;
SET idle_in_transaction_session_timeout = 0;
SET client_encoding = 'UTF8';
SET standard_conforming_strings = on;
SELECT pg_catalog.set_config('search_path', '', false);
SET check_function_bodies = false;
SET xmloption = content;
SET client_min_messages = warning;
SET row_security = off;

--
-- Name: make_uid(); Type: FUNCTION; Schema: public; Owner: xiadmin
--

CREATE FUNCTION public.make_uid() RETURNS text
    LANGUAGE plpgsql
    AS $$
BEGIN 
	return  CAST( '' || trunc(random()*10) ||  trunc(random()*10) || trunc(random()*10) || trunc(random()*10) || trunc(random()*10)
                                || '-' || trunc(random()*10) || trunc(random()*10) || trunc(random()*10) || trunc(random()*10) || trunc(random()*10)
                                || '-' || trunc(random()*10) || trunc(random()*10) || trunc(random()*10) || trunc(random()*10) || trunc(random()*10)
                                || '-' || trunc(random()*10) || trunc(random()*10) || trunc(random()*10) || trunc(random()*10) || trunc(random()*10)
                                  AS varchar);
END;
$$;


ALTER FUNCTION public.make_uid() OWNER TO xiadmin;

SET default_tablespace = '';

SET default_table_access_method = heap;

--
-- Name: db_sequences; Type: TABLE; Schema: public; Owner: xiadmin
--

CREATE TABLE public.db_sequences (
    id text,
    upload_id integer,
    accession text,
    protein_name text,
    description text,
    sequence text,
    is_decoy boolean
);


ALTER TABLE public.db_sequences OWNER TO xiadmin;

--
-- Name: layouts; Type: TABLE; Schema: public; Owner: xiadmin
--

CREATE TABLE public.layouts (
    search_id text NOT NULL,
    user_id integer NOT NULL,
    "time" timestamp without time zone DEFAULT now() NOT NULL,
    layout text,
    description text
);


ALTER TABLE public.layouts OWNER TO xiadmin;

--
-- Name: modifications; Type: TABLE; Schema: public; Owner: xiadmin
--

CREATE TABLE public.modifications (
    id bigint,
    upload_id integer,
    mod_name text,
    mass double precision,
    residues text,
    accession text
);


ALTER TABLE public.modifications OWNER TO xiadmin;

--
-- Name: peptide_evidences; Type: TABLE; Schema: public; Owner: xiadmin
--

CREATE TABLE public.peptide_evidences (
    upload_id integer,
    peptide_ref text,
    dbsequence_ref text,
    protein_accession text,
    pep_start integer,
    is_decoy boolean
);


ALTER TABLE public.peptide_evidences OWNER TO xiadmin;

--
-- Name: peptides; Type: TABLE; Schema: public; Owner: xiadmin
--

CREATE TABLE public.peptides (
    id text,
    upload_id integer,
    seq_mods text,
    link_site integer,
    crosslinker_modmass double precision,
    crosslinker_pair_id character varying
);


ALTER TABLE public.peptides OWNER TO xiadmin;

--
-- Name: spectra; Type: TABLE; Schema: public; Owner: xiadmin
--

CREATE TABLE public.spectra (
    id bigint,
    upload_id integer,
    peak_list_file_name text,
    scan_id text,
    frag_tol text,
    spectrum_ref text,
    precursor_charge smallint,
    precursor_mz double precision,
    mz double precision[],
    intensity real[]
);


ALTER TABLE public.spectra OWNER TO xiadmin;

--
-- Name: spectrum_identifications; Type: TABLE; Schema: public; Owner: xiadmin
--

CREATE TABLE public.spectrum_identifications (
    id bigint,
    upload_id integer,
    spectrum_id bigint,
    pep1_id text,
    pep2_id text,
    charge_state integer,
    pass_threshold boolean,
    rank integer,
    ions text,
    scores json,
    exp_mz double precision,
    calc_mz double precision,
    meta1 character varying,
    meta2 character varying,
    meta3 character varying
);


ALTER TABLE public.spectrum_identifications OWNER TO xiadmin;

--
-- Name: uploads; Type: TABLE; Schema: public; Owner: xiadmin
--

CREATE TABLE public.uploads (
    id integer NOT NULL,
    user_id integer,
    filename text,
    peak_list_file_names json,
    analysis_software json,
    provider json,
    audits json,
    samples json,
    analyses json,
    protocol json,
    bib json,
    spectra_formats json,
    upload_time timestamp without time zone,
    default_pdb text,
    contains_crosslinks boolean,
    upload_error text,
    error_type text,
    upload_warnings json,
    origin text,
    random_id character varying DEFAULT public.make_uid(),
    deleted boolean DEFAULT false,
    ident_count bigint,
    ident_file_size bigint,
    zipped_peak_list_file_size character varying
);


ALTER TABLE public.uploads OWNER TO xiadmin;

--
-- Name: uploads_id_seq; Type: SEQUENCE; Schema: public; Owner: xiadmin
--

CREATE SEQUENCE public.uploads_id_seq
    START WITH 1
    INCREMENT BY 1
    NO MINVALUE
    NO MAXVALUE
    CACHE 1;


ALTER TABLE public.uploads_id_seq OWNER TO xiadmin;

--
-- Name: uploads_id_seq; Type: SEQUENCE OWNED BY; Schema: public; Owner: xiadmin
--

ALTER SEQUENCE public.uploads_id_seq OWNED BY public.uploads.id;


--
-- Name: user_in_group; Type: TABLE; Schema: public; Owner: xiadmin
--

CREATE TABLE public.user_in_group (
    user_id integer,
    group_id integer
);


ALTER TABLE public.user_in_group OWNER TO xiadmin;

--
-- Name: users; Type: TABLE; Schema: public; Owner: xiadmin
--

CREATE TABLE public.users (
    user_name character varying,
    password character varying,
    email character varying,
    max_aas integer,
    max_spectra integer,
    gdpr_token character varying,
    id integer NOT NULL,
    ptoken character varying,
    hidden boolean,
    ptoken_timestamp timestamp without time zone,
    gdpr_timestamp timestamp without time zone
);


ALTER TABLE public.users OWNER TO xiadmin;

--
-- Name: users_id_seq; Type: SEQUENCE; Schema: public; Owner: xiadmin
--

CREATE SEQUENCE public.users_id_seq
    START WITH 1
    INCREMENT BY 1
    NO MINVALUE
    NO MAXVALUE
    CACHE 1;


ALTER TABLE public.users_id_seq OWNER TO xiadmin;

--
-- Name: users_id_seq; Type: SEQUENCE OWNED BY; Schema: public; Owner: xiadmin
--

ALTER SEQUENCE public.users_id_seq OWNED BY public.users.id;


--
-- Name: uploads id; Type: DEFAULT; Schema: public; Owner: xiadmin
--

ALTER TABLE ONLY public.uploads ALTER COLUMN id SET DEFAULT nextval('public.uploads_id_seq'::regclass);


--
-- Name: users id; Type: DEFAULT; Schema: public; Owner: xiadmin
--

ALTER TABLE ONLY public.users ALTER COLUMN id SET DEFAULT nextval('public.users_id_seq'::regclass);


--
-- Data for Name: db_sequences; Type: TABLE DATA; Schema: public; Owner: xiadmin
--

COPY public.db_sequences (id, upload_id, accession, protein_name, description, sequence, is_decoy) FROM stdin;
sp|P36612|PRS4_SCHPO	1	P36612	PRS4_SCHPO	\N	MGQAQSGNFSNFGDGANGDNKKDQKKDKPKYEPPVPTRTGRRKKKAQSGPDASAKLPTVIPTTRCRLRLLKMQRIHDHLLMEEEYVQNQERLKPQDERTQEERNRVDEIRGTPMSVGTLEEIIDDDHAIVSTAGPEYYVSIMSFVDKDMLEPGCSVLLHHKAMSIVGLLLDDTDPMINVMKLDKAPTESYADIGGLESQIQEIKEAVELPLTHPELYEEMGIKPPKGVILYGAPGTGKTLLAKAVANQTSATFLRVVGSELIQKYLGDGPRLVRQLFNAAEEHSPSIVFIDEIDAIGTKRYDAQSGAEREIQRTMLELLNQLDGFDTSQRDIKVIMATNRISDLDPALIRPGRIDRKILFENPDEATKRKIFTIHTSKMNLGEDVNLEELIQCKDDLSGAEIKAIVSEAGLLALRERRMRVVMDDFRQAREKVLKTKDEGGPAGGLYI	\N
sp|Q9Y7T8|PSB3_SCHPO	1	Q9Y7T8	PSB3_SCHPO	\N	MSIMEYNGGSCVAMAGKNCVAIASDLRLGVQSISLTNNFPKVFAMGDKTYLGLTGLATDVQTLYELFRYKVNLYKFREERQIQPKTFANLVSSTLYEKRFGPYFSFPVVAGVSNDNTPFICGFDSIGCIDFAEDFIVSGTATEQLYGMCESVYEPNLEPDDLFETISQALLNAQDRDCISGWGCVVYVITADKCIKRLVKGRQD	\N
sp|O59770|PSA3_SCHPO	1	O59770	PSA3_SCHPO	\N	MSSIGTGYDLGLFFSPDGRLFQAEYAYKAVENASTCIGIKCEDGVILALEKVVTSKLLKPRVNNRIGSVDRHIGIATTGFIPDGQHIVKRARDEATSWRDNYGSPIPGTVIADRLGNYVQLFTCYSSVRPFGVMSFVATYDSEGPHLYMVEPNGVYWGYNGAAAGKGRQVARNELEKLNFSSLKMKDAVKEAARILYATHDEENNKEHEIEMTWVGVETNGIHTPVPDELLQEAEAYARRIADGEEEDIAMQE	\N
sp|O42897|RPN3_SCHPO	1	O42897	RPN3_SCHPO	\N	MIDDQRDMQVDSVNQEENVDSGETKQNTVTEVPRTVLQDVEANIAALMQATKQRDPRLVYRSLRTTSNICHRLNADVLGQLIKKYYSFDNSLKNELLELIDMPQNGDDSSTSITNGNGNTIFPEVDMYLQLLLSMTLYYNEKYEVGAEYIKKVIARLQSYDRRTLDQIAAKLYFYYILFFEKCNRSVECRNTLLSVHRTASLRHDSETQAMVLTLLLRNYIQFNLYDQADRLVSKTSFLTNASNNLAIRYQYYLGRIRAIQLDYTTAHEHLVSAIRKAPNTVYAVQFLEAVYKLHIVVQLLMGEIPERRIFRQKSLEKTLVPYLRISQAVRIGDLCAFTDALSKYEAEFRFDGLYTLICRLRHTVIKTGLRMISLSYSRISLRDVCIKLGLDSEESAEYIVAKGIRDGVIDASIDHSNAFMASNEAMDIYSTEQPQQAFHERIQFCLALHNDSIKSMRYPMDAHKSELEGVEEARRRMDKEMAEADLDDDEPDLGEF	\N
reverse_sp|Q09841|PSB7_SCHPO	1	Q09841	PSB7_SCHPO		\N	\N
reverse_sp|Q09720|PSB2_SCHPO	1	Q09720	PSB2_SCHPO		\N	\N
reverse_sp|O74762|RPN2_SCHPO	1	O74762	RPN2_SCHPO		\N	\N
reverse_sp|P50524|RPN12_SCHPO	1	P50524	RPN12_SCHPO		\N	\N
sp|Q09720|PSB2_SCHPO	1	Q09720	PSB2_SCHPO	\N	MESLLAVQGQDFVLTASSSSAVRGITVLKPDDDKSQILNSHNLMLYCGEAGDTTNFAEYIAANISLYTLRHNLNLSPEATASFTRKQLATSLRSRKPYQVNILLAGYETNLGKPELFWLDYLATCVRVPYACQGYSSFYCLSIFDRYYKPDLTIDEAVRIMKLCFDELKKRMPIDFKGFICKVVDKDGIREINI	\N
reverse_sp|Q9UUB6|UBLH2_SCHPO	1	Q9UUB6	UBLH2_SCHPO		\N	\N
sp|P50524|RPN12_SCHPO	1	P50524	RPN12_SCHPO	\N	MSTLDLNHLADLYDRKDWNACKKELLKLKVELAKQNLFVPTSDKEKASFARNVFEYGVLVSIQTCDIESFARYASQVIPFYHDSLVPSSRMGLVTGLNLLYLLSENRIAEFHTALESVPDKSLFERDPYVEWVISLEQNVMEGAFDKVASMIRSCNFPEFSYFMKIVMSMVRNEIATCAEKVYSEIPLSNATSLLYLENTKETEKLAEERGWDIRDGVIYFPKEANALETEDGMLIDEEDELELPPTASKHTISSIRQLLSYTSELEQIV	\N
reverse_sp|P87048|RPN1_SCHPO	1	P87048	RPN1_SCHPO		\N	\N
sp|O42931|PRS7_SCHPO	1	O42931	PRS7_SCHPO	\N	MPPKEDWEKYQKPVDTEEENDKNPPPLDEGDIELLKSYATGPYARELAAIKEDTEAVLKRINDTVGIKESDTGLAPISFWDVAADRQRMSEEQPLQVARCTKIIENEQSAEKNAYVINLKQIAKFVVSLGERVSPTDIEEGMRVGCDRNKYAIQLPLPPKIDPSVTMMQVEEKPDVTYGDVGGCKEQIERLREVVELPLLSPERFVKLGIDPPKGIMLYGPPGTGKTLCARAVANRTDATFIRVIGSELVQKYVGEGARMVRELFEMARTKKACIIFFDEIDAIGGARFDDGAGGDNEVQRTMLELITQLDGFDPRGNIKVLFATNRPNTLDEALMRPGRIDRKVEFGLPDLEGRAHILRIHAKSMAIDKDIRWELIARLCPSQTGAELRSVCTEAGMFAIRARRRVATEKDFLDAVQKVVKGNQKFSSTADYMNMSS	\N
sp|O94579|PSA2_SCHPO	1	O94579	PSA2_SCHPO	\N	MTDKYAFSLTTFSPNGKLVQIEYALNAVNAGVTSVGIKATDGVVLATEKKPTSELAIGASLEKVCAITPDIGMVYSGMGPDFRVLVDKSRKVAQTTYKKIYNEYPPTKILVQEIASVMQESTQSGGVRPFGVSLLVAGMDEKGPSLYQVDPSGTYFAWKATAIGKSSTAAKTFLEKRYNDELELDDAVHTAILALKETFEGELTEDNIEIAVVSTKPTDSGIVGVPGGHFCRLSQSEIRDYLDQV	\N
sp|Q9UQY2|PSB1_SCHPO	1	Q9UQY2	PSB1_SCHPO	\N	MSQSQFDPYVQNGGTTVAIAGDGFAILAGDTRSVNGYNINTRFQPRVHEVGDDLVIGASGFEADALALVKRIQQRIDLYHDNHERKMSAQSCACMVRTLLYGKRFFPYYVYTTVAGIDKEGKGEIYSFDPVGSYEREWCRAGGSAANFITPFLDNQVNLHNQYVPGSHGKERKPRRLLKLEEAMKITTDAFTSAGERHIEVGDSVLVKIITKEGVETRIIPLKKD	\N
sp|Q9UUB6|UBLH2_SCHPO	1	Q9UUB6	UBLH2_SCHPO	\N	MSWTTIESDAGVFTDLIENLGVKDVEVDELYSLDVDSLRQFPDIYGIIFLFKWNSKVDKPDGTMDYDSMDNIFFAKQVINNACATQALLSVLLNHSDEIDLGTTLSEFKDFSKTLPPELKGEALGNSEHIRCCHNSFARSDPFISEEVRAATDEDEVYHFIAYTNINNVFYELDGLQAAPINHGSCTKEEFAEKAVSVIQARIANYDPAEIRFNLMVICKDKKASLLTREDLTDEEKAASIAVEDEKRLRWKRENQLRRHNFVGLFVELSKLLVKDRIDKNTWNSTLETAKAKYASQKRP	\N
reverse_sp|P41836|PRS8_SCHPO	1	P41836	PRS8_SCHPO		\N	\N
sp|O14126|PRS6A_SCHPO	1	O14126	PRS6A_SCHPO	\N	MSTLEELDALDQSQQGGSSNNEGLDGIEQEILAAGIDELNSRTRLLENDIKVMKSEFQRLTHEKSTMLEKIKENQEKISNNKMLPYLVGNVVEILDMQPDEVDVQESANQNSEATRVGKSAVIKTSTRQTIFLPLIGLVEPEELHPGDLIGVNKDSYLIIDKLPSEYDSRVKAMEVDEKPTERYSDIGGLSKQIEELFEAIVLPMQQADKFRKLGVKPPKGCLMFGPPGTGKTLLARACAAQSNATFLKLAAPQLVQMFIGDGAKLVRDAFALAKEKSPAIIFIDELDAIGTKRFDSEKAGDREVQRTMLELLNQLDGFSSDDRVKVIAATNRVDTLDPALLRSGRLDRKLEFPLPNEEARVGILRIHSRKMAIDDDINWEELARSTDEYNGAMLKSVCVEAGMIALRQGDTKINHEHFMDGILEVQMRKSKTLQYFA	\N
reverse_sp|Q09682|PSA4_SCHPO	1	Q09682	PSA4_SCHPO		\N	\N
reverse_sp|O14250|PSA1_SCHPO	1	O14250	PSA1_SCHPO		\N	\N
reverse_sp|O94444|RPN10_SCHPO	1	O94444	RPN10_SCHPO		\N	\N
reverse_sp|Q9UQY2|PSB1_SCHPO	1	Q9UQY2	PSB1_SCHPO		\N	\N
sp|P41836|PRS8_SCHPO	1	P41836	PRS8_SCHPO	\N	MTEVLKTNVLQSNENIVQYYTQKIQDAELAILQKTQNLRRLEAQRNGLNARVRLLREEIQLLQEPGSYVGEVIKTMGKNKVLVKVHPEGKYVVDISPDIDIKEIKPNIRVALRNDSYQLIKILPNKVDPLVSLMMVEKIPDSTYEMVGGLEKQIKEIKEVIELPVKHPELFESLGIPQPKGILLYGPPGTGKTLLARAVAHHTDCKFIRVSGSELVQKYIGEGSRMVRELFVMAREHAPSIIFMDEIDSIGSSRSDSSGGSGDSEVQRTMLELLNQLDGFEATKNIKVIMATNRIDILDPALLRPGRIDRKIEFPPPSAEARAEILRIHSRSMNLTRGIDLKSIAEKMNGASGAELKGVCTEAGMFALRERRVHVTQEDFELAVAKVLNKGDSGEMSLQKLFK	\N
reverse_sp|P06732|KCRM_HUMAN	1	P06732	KCRM_HUMAN		\N	\N
reverse_sp|P36612|PRS4_SCHPO	1	P36612	PRS4_SCHPO		\N	\N
sp|Q09682|PSA4_SCHPO	1	Q09682	PSA4_SCHPO	\N	MSRSYDSRTTIFSPEGRLYQVEYALEAINHAGVALGIVAKDGIVLAAEKKVTSKLLEQEESAEKLYHIGDNMLCAVAGLTADANILINYARRVGQQYLQTFNEEMPCEQLVRRVCDLKQGYTQYGGLRPFGVSFLYAGWDHIRGYQLFQSNPSGNYGSWQANSIGGNSTSVQSLMRQEYKDDINLDEASAMAVKFLSKTLDSNSLTHEKIEFATITKDTTKNKMVCKIWKSDEINEVLNKYQETQRQS	\N
reverse_sp|Q9UTM3|RPN5_SCHPO	1	Q9UTM3	RPN5_SCHPO		\N	\N
sp|P06732|KCRM_HUMAN	1	P06732	KCRM_HUMAN	\N	MPFGNTHNKFKLNYKPEEEYPDLSKHNNHMAKVLTLELYKKLRDKETPSGFTVDDVIQTGVDNPGHPFIMTVGCVAGDEESYEVFKELFDPIISDRHGGYKPTDKHKTDLNHENLKGGDDLDPNYVLSSRVRTGRSIKGYTLPPHCSRGERRAVEKLSVEALNSLTGEFKGKYYPLKSMTEKEQQQLIDDHFLFDKPVSPLLLASGMARDWPDARGIWHNDNKSFLVWVNEEDHLRVISMEKGGNMKEVFRRFCVGLQKIEEIFKKAGHPFMWNQHLGYVLTCPSNLGTGLRGGVHVKLAHLSKHPKFEEILTRLRLQKRGTGGVDTAAVGSVFDVSNADRLGSSEVEQVQLVVDGVKLMVEMEKKLEKGQSIDDMIPAQK	\N
sp|Q9UTM3|RPN5_SCHPO	1	Q9UTM3	RPN5_SCHPO	\N	MEQKPEVDYSEKFAELQKSLNNLNTIDIDANLEKLLIFEKQVRQASDTSTNTKVLIYIADLLFRAGDFQGLNEQLVSLFKKHGQLKQSMTSLVQHVMTYLPGIDDLKTKINLIETLRTITDGKIYVEVERARLTQLLSQIKEEQGDIKSAQEILCNEPVETYGSFDLKEKVAFILDQVRLFLLRSDYYMASTYTKKINVKFFEKEDVQSLKLKYYEQKIRIGLHDDAYLDVCKYYRAVYDTAVVQEDPEKWKEILENVVCFALLTPYDNEQADLLHRINADHKLNSLPLLQQLVKCFIVNELMRWPKIAEIYGSALRSNPVFAENDEKGEKRWSELRKRVIEHNIRVVANYYSRIHCSRLGVLLDMSPSETEQFLCDLIAKHHFYAKIDRPAQVISFKKSQNVQEQLNEWGSNITELLGKLEKVRQLIIKEEMMNSIQQAVAK	\N
sp|Q9USQ9|PSB4_SCHPO	1	Q9USQ9	PSB4_SCHPO	\N	MSFLELTEVWGKPQKDIFFPSGSEVEESTDAPIQRTVQPIVTGSSVLALKFADGVMIAADNLASYGSLARFYDVERLTKVGDNTIVGAGGDISDYQQIQRLLEKLEIKEGNYGDGYALQPSYIHEYLSKVLYARRNKLDPYWNQLIVAGVDGENKEPYVAFADLRGTTYSAPAIATGFAMHLALPMLRKATDDDRWKTLSKESARATIDECMRVLFYRDARSLNKFSVATITPEGIEFQTDQSVSSKWAFAEKQYGYGTQTV	\N
sp|O74440|RPN8_SCHPO	1	O74440	RPN8_SCHPO	\N	MPPAVSSETSTIVPQQVIVHPLVLLSAVDSYNRSAKGTKRRVVGILLGQNNGDVVNVANSYAIPFEEDEKNASVWFLDHNFMESMNEMFKKINANEKLVGWYHTGPQLRPSDLEINNLLKKYIPNPVLVIIDVKPKSVGLPTNAYFAIDEIEDDGSKSSRTFVHLPSSIEAEEAEEIGVEHLLRDTRDASVGTLATRVTQQAQSLQGLGQRLTEIADYLRKVVDGQLPINHAILAELQSVFNLLPNIFSGPVVSEQALESEAQRAFNVNSNDQLMSIYISSIVRAVIALHDLLDSLAASKAMEQQDIKPTVQNGEVSANAEQKA	\N
reverse_sp|Q9P7S2|RPN6_SCHPO	1	Q9P7S2	RPN6_SCHPO		\N	\N
reverse_sp|Q10329|PSA7_SCHPO	1	Q10329	PSA7_SCHPO		\N	\N
sp|O74762|RPN2_SCHPO	1	O74762	RPN2_SCHPO	\N	MTMVYSDNTSIITSAGGLMALLDEQERELQVHALLKIYEFIDQLWPEISDDVTKIEVMYEDHSFPERELAALVVSKVYYYLGEYDEALLFALSSGPKFLHDKNSDYKETLIFKCIDMFIHKSAELYKNPKADPLDERLSGVVEGIFQKCYAKNEWRHVLGIAIEAHRLDIIEYILNADKETDLKPYVLELAMTVVLDIEFRNRLLRLLLSSFLTETEPDYFSVGKCVVHLNDASVAAKLLMKLSSQNDDKSLLTAYQLAFDLEDSAPQEFLNSVMDLLPSPSVANSEEDANADSKKEDSSPCGYIIRILSGEQTVKYDREFLYAHNNTDMLILNRTKDSLEARNSVFHNAVTFANAFMNFGTSSDSFFRDNLSWLSKANNWSKFTATAALGVIHRGYYNQAMNILRPYLPEEDAPSSSTYSEGGAFYAMGLIHANHGRGVTEYLREQLKHTEDEIVQYGLLLGIGLTGMASRDETLYESVKTILFNDNAVAGSAAGISMGLIMLGTASSAAIDEMLQYAHETQHEKIIRGLGIGIALIVYGRQQEADGIIKELNNDLDPTLRYAGMFATALAYCGTSNSKIVRDVLHISVSDVNDDVRRAAVCALGFICFKDPNALISTVELLVDSYNPHVRYGSAIALGIACANSGSNAALDLLSRLVEDATDFVRQGAMIAQAMILTQHNDQLNSKVSGIRKHFEQVINEKHEDALAKLGATLAQGIIDAGGRNVTIALQTATGSLKLSAIVGLTVFLQYWYWFPLTHFMSLSFSPTALIGLDKNLNAPKFSFISNVRPKLFAYPPKSVQPTAKTVQKVETAVLSTTVKAQARAKRAEREKASKGSNDDEMKIDKKTTEEKEATPMEMDEEKSQDISINGNSKKEEPKSETLENFTRVVPAQLPYISFNLNGRYYPVRKFTGGVLMLIDRESDKAPDLIELNRDAVPASADTEPGEQEASPPEDFEYPFDDDD	\N
reverse_sp|P30655|PSB5_SCHPO	1	P30655	PSB5_SCHPO		\N	\N
reverse_sp|Q9USQ9|PSB4_SCHPO	1	Q9USQ9	PSB4_SCHPO		\N	\N
sp|Q9US13|RPN9_SCHPO	1	Q9US13	RPN9_SCHPO	\N	MDTEMSVNMSDFLHDQATRAPESLQQSYILMEDLYERKLWKQLTDALIVFFDTPETVPLRLPLYTNFVNSFRPNINQLKAVYMGLKAFESCSNDEALRNLNQIVNELDEEKYKDAYVYSIVAIARIKLISGKLDEARELLVKASKIIDHIDYVESLIHSSYYSVSADYYKAKADYAQYYRHCLLYLSCIDLDKCSHTELVERAVDLSVAAILGDIYNFGELLLHPVFELLVGTQHEWLHDLVIAMNVGDLPLFERLMGQINKMPLLQSSVALLGQKIRLMALIELVFQLPPNQRTLTFDTIARATRIPSNEVELLIMRALSVGLITGVIDEVTQIVTISSVQSRILNHSQIASMESRLREWNQNIKNLSNVVEISGKGVFV	\N
sp|Q9UT97|PSA5_SCHPO	1	Q9UT97	PSA5_SCHPO	\N	MFMTRSEYDRGVNTFSPEGRLFQVEYAIEAIKLGSTAIGVKTKDAVVLGVEKRLTSPLMESHSVEKLFEIDSHIGCAISGLTADARTIIEHARVQTQNHRFTYDEPQGIESTTQSICDLALRFGEGEDGEERIMSRPFGVALLIAGIDEHGPQLYHSEPSGTYFRYEAKAIGSGSEPAKSELVKEFHKDMTLEEAEVLILKVLRQVMEEKLDSKNVQLAKVTAEGGFHIYNDEEMADAVAREQQRMD	\N
sp|O43063|PSB6_SCHPO	1	O43063	PSB6_SCHPO	\N	MATTVKDTMNVDINAIKKGEIRMGTTITALRYKDGVILAADSRTTMGAYIANRVTDKLTQLTDNIWCCRSGSAADTQTVADLLKYYLSMYRIQFGHDPSVHTAATLASEMCYQNKNMLSAGLIVAGYDEKTGGDVYSIPLGGSLHKQPLAIGGSGSAFIYGFCDANFRENMTQEEAVEFLKNAVALAMERDGSSGGTIRMVILNKDGMERKFFAIDTANPIPVFTH	\N
sp|O14250|PSA1_SCHPO	1	O14250	PSA1_SCHPO	\N	MFRNQYDGDATTWSPQGRLHQVEYALEAIKQGSATVGLVSKTHAVLVALKRNAEELSSYQKKLIRIDDHIGIAIAGLAPDARVLSNYMKQEALSSKTLFTRPIPVRRLMSKVAEKAQINTQEYGRRPYGVGFLVIGYDESGPHLLEFQPSGLVLEYLGTSMGSRSQSARTYIERNLDTFPDSSREELILSALRALRDTLSKDQELTEENVSISVIGKDEKYTLYDQNDTKEWLDKLGDKGPAAARASRAAAEEPQAPTAEAILDSADAMETD	\N
reverse_sp|O74445|PRS10_SCHPO	1	O74445	PRS10_SCHPO		\N	\N
reverse_sp|O14126|PRS6A_SCHPO	1	O14126	PRS6A_SCHPO		\N	\N
sp|O74445|PRS10_SCHPO	1	O74445	PRS10_SCHPO	\N	MSERDTALEKYKSYLLQHREWDSKLKDLRFGNRDLVKKYDKTEDDIKSLQSVGQIIGEVLKQLDSERFIVKASSGPRYVVGCRNNVDQSHLVQGVRVSLDMTTLTIMRILPREVDPLVYNMSIEDPGDISFAGVGGLNEQIRELREVIELPLKNPELFLRVGIKPPKGVLLYGPPGTGKTLLARAVAASLGVNFLKVVSSAIVDKYIGESARIIREMFGYAKEHEPCVIFMDEIDAIGGRRFSEGTSADREIQRTLMELLNQMDGFDYLGQTKIIMATNRPDTLDPALLRPGRLDRKIEIPLPNEVGRMEILKIHLEKVSKQGEIDYEALVKLTDGTNGADLRNVVTEAGFIAIKEDRDYVIQSDLMSAARKVADLKKLEGTIDYQKL	\N
sp|Q10329|PSA7_SCHPO	1	Q10329	PSA7_SCHPO	\N	MSGYDRALSVFSPDGRLLQVEYGQEAVRRGTTAIALRGNECIVIGVERKNVPKLQNVSNFQKIAMVDNHVCLAFAGLNADARILIDKARVEAQNHKLNLADPVSIEYLTRYVAGVQQKYTQSGGVRPFGVSTLIAGFDVGDNTPRVYQTEPAGIYNAWKATAIGRASKAAREYLEKNWKEGLSRDETIHLAVSSLLEVVQTASGNIELAIMDPGKDVEFLHSDKIDTIVKEIQDEKEAEAARKKSGRSAPGVSTTSTIQ	\N
sp|P87048|RPN1_SCHPO	1	P87048	RPN1_SCHPO	\N	MSSKDISSKSPSGNDALNDKKGTKTSETNDRNSTNNTKERDELEDLSEEDLQLKNDLELLVQAVQDATPELVGSSLTQLKEIIRTSTSSMTAVPKPLKFLRPHYFTLVKIYDSWPQSPQKTQLADILSVLGMSYSNTSKHESLKYRLQGVTTDPSLWGHEYVRHLASEIEEEFASRQEEEAPTDDLMELALTIVPFFLTHNAEADAIDLLQELGAIEKVVPFVELDNASRVCLYITSCVNLLPFPEDVAMLRTAHAIYRKFDQLTQALNVAIRLDDMSLIKEDCEAATDPLLKKQMSYMLARQQIPMDMGDEELNDALNNTHLSDHFHYLGKELNLMDPKVPEDIFKTHLEVARTGLGASGVYSAKQNLANTFVNALVNAGYSNDRLILVDDEKTSWIYKNKESGLISATASIGLLQLWNVDMGLSLLDKYLYSSEENTKAGALLGIGVTNVAVRNEADPAMAILSEYLETGSVKLRASAILGLGLAYSGANREDLLDMLSPIVTDTDCPMQLSCLAALSLGLIFVGTCNGDVASTILQTLMEREESAQNDQWGRFMALGLALLFNGKQDLADATVETLKAIEGKIARQAEILVDICSYAGTGNVLHIQKLLHICSEPPSDDAKESETTIQTFAALGVATIAMGEDIGAEMVLRHFDHMMHYGEPSIRKAIPLALGLLSASNPQMRIFDTLSRYSHDNDLDVAYNAIFAMGLVGAGTSNARLAQLLRQLASYYHKESNALFMVRIAQGLLYLGKGTMTLNPYHTERQILGQTAFAGLMTVVLAMLDANTFVLDTSHWLLYAITLAIRPRMLITLGEDGQYLPVSVRVGQAVDVVGQAGRPKVITGWVTHTTPVLLHHNERAELATEAYTPLTSLEGIVILKKNTEDIEMTA	\N
reverse_sp|Q10335|RPN7_SCHPO	1	Q10335	RPN7_SCHPO		\N	\N
sp|O94444|RPN10_SCHPO	1	O94444	RPN10_SCHPO	\N	MVLEATMILIDNSEWMINGDYIPTRFEAQKDTVHMIFNQKINDNPENMCGLMTIGDNSPQVLSTLTRDYGKFLSAMHDLPVRGNAKFGDGIQIAQLALKHRENKIQRQRIVAFVGSPIVEDEKNLIRLAKRMKKNNVAIDIIHIGELQNESALQHFIDAANSSDSCHLVSIPPSPQLLSDLVNQSPIGQGVVASQNQFEYGVDPNLDVELALALELSMAEERARQEVAAQKSSEETEDKKMQE	\N
sp|Q10335|RPN7_SCHPO	1	Q10335	RPN7_SCHPO	\N	MCSPSATLTHRTMTEKARTVSDLTISQAIFELSSPFLENKSQKALDTLFSAIRDHDLAPLYKYLSENPKTSASIDFDSNFLNSMIKKNEEKLAEFDKAIEDAQELNGEHEILEAMKNKADYYTNICDRERGVQLCDETFERATLTGMKIDVLFSKIRLAYVYADMRVVGQLLEKLKPLIEKGGDWERKNRLKAYQGIYLMSIRNFSGAADLLLDCMSTFSSTELLPYYDVVRYAVISGAISLDRVDVKTKIVDSPEVLAVLPQNESMSSLEACINSLYLCDYSGFFRTLADVEVNHLKCDQFLVAHYRYYVREMRRRAYAQLLESYRALSIDSMAASFGVSVDYIDRDLASFIPDNKLNCVIDRVNGVVFTNRPDEKNRQYQEVVKQGDVLLNKLQKYQATVMRGAFKV	\N
sp|Q9P7S2|RPN6_SCHPO	1	Q9P7S2	RPN6_SCHPO	\N	MSSKSSLELANNAVKSNDIEKAIDLYKEVLNKGVSKDEKVANEQEQALTNLSDLYVRENRHNDLAQLVQQSRPLMANFSKAKSAKIVRTLIDKFSGEKKSLPLQIEVANDCIKWAIKEKRTFLRQALETKLISLYYDNSSYTDAINLINTLLSELKRMDDKMLLTEVHLLESKVYHAIRNIPKARASLTAAKTSANAVYCPPMLQGNLDLQSGILHADDMDFKTAYSYFYEAYEGFTSLDDDKKALSSLKYMLLSQIMLNSVSEVKSLLTGKHAIRYAGRDIEAMRAIAQAHENRSLADFEKALQDYKPELASDPIIRSHLSSLYDNLLEQNLLRVVEPFSRVEVSHIAELIGLSTVQVEGKLSQMILDKIFYGILDQGSGCLIVYDEPQQDKTYEAALEVIKNMGTVVDLLIENKASALL	\N
sp|P41878|RPN11_SCHPO	1	P41878	RPN11_SCHPO	\N	MESLQRLLQGARMGTGMMGDQPLVDNSECVYISSLALLKMLRHGRHGTPMEVMGLMLGEFVDDFTVRVVDVFAMPQSGTGVSVEAVDPVFQKNMMDMLKQTGRPEMVVGWYHSHPGFGCWLSSVDINTQQSFEQLTPRAVAVVVDPIQSVKGKVVIDAFRLINPSTLMMGQEPRQTTSNLGHINKPSIQALIHGLGRHYYSLRINYKKTELEEIMLLNLHKQPWAHGLLLENFNSAAEKNHASIDKMKSLSEQYTERVQNEVTLSPEQLRIQYVGKQDPKKHLDAEVQKCIDNNISSMLACMLDSVAF	\N
sp|O94517|PSA6_SCHPO	1	O94517	PSA6_SCHPO	\N	MSQARGFDRTITVFSPEGRLYQVEYAFKAFNNAGITSVGVTGKNCACVISQKKVPDKLIDASTVKHVFPITKGIGCVMTGSIADARAQVSRARSEAAEFEYKNGYPMPCDVLAKRMANIAQVSTQRAAMRPLGVAMTLVAVDDEIGPSLFKLDPAGFYIGYKATSAGPKQTETINWLEKRFKKDGIPSNLTDTVETGIQALMSSLSTDFKSTELQIGVVEDDKPFRVLSVEEIEAHLQSIAEKD	\N
sp|O74894|PRS6B_SCHPO	1	O74894	PRS6B_SCHPO	\N	MNSTEEIDLYNRWKALERQLEMLDLQEGFIKEDCKSLKRELIRAQEEVKRIQSVPLVIGQFLEAIDQNTAIVGSTTGSNYVVRILSTLDRELLKPSASVALQRHSNALVDILPPEADSSISMLRPDERPDVSYADVGGLDVQKQEVREAVELPLTQGDLYRQIGIDPPRGVLLYGPPGTGKTMLVKAVANSTAANFIRVVGSEFVQKYLGEGPRMVRDVFRMARENAPAIIFIDEIDAIATKRFDAQTGADREVQRILIELLTQMDGFDQGANVKVIMATNRADTLDPALLRPGRLDRKIEFPSYRDRRQRRLVFQTITAKMLLSPEVDLDTFIMRPDASSGAQIAAIMQDAGLLAVRKSRGVILQSDIEEAYARAVKPTDMEQFAFYK	\N
sp|P30655|PSB5_SCHPO	1	P30655	PSB5_SCHPO	\N	MNSIVSKYTQSTNNDDPKKIIEEEGFTNRFDVVPVPQSSLYLRNLTDETKNKHCLIKMNHGTTTLAFRYQHGIVVCVDSRASAGPLIASQTVKKVIEINPYLLGTLAGGAADCQFWETVLGMECRLHQLRNKELISVSAASKILSNITYSYKGYGLSMGTMLAGTGKGGTALYYIDSDGTRLKGDLFSVGSGSTFAYGVLDSGYRWDLSKQEALYLAQRSIVAATHRDAYSGGSVNLYHIDENGWVFHGNFDVDSLIWEAKDNENSFAHIPR	\N
\.


--
-- Data for Name: layouts; Type: TABLE DATA; Schema: public; Owner: xiadmin
--

COPY public.layouts (search_id, user_id, "time", layout, description) FROM stdin;
\.


--
-- Data for Name: modifications; Type: TABLE DATA; Schema: public; Owner: xiadmin
--

COPY public.modifications (id, upload_id, mod_name, mass, residues, accession) FROM stdin;
\.


--
-- Data for Name: peptide_evidences; Type: TABLE DATA; Schema: public; Owner: xiadmin
--

COPY public.peptide_evidences (upload_id, peptide_ref, dbsequence_ref, protein_accession, pep_start, is_decoy) FROM stdin;
1	0	sp|O14250|PSA1_SCHPO	O14250	201	f
1	1	sp|O14250|PSA1_SCHPO	O14250	239	f
1	2	sp|O74445|PRS10_SCHPO	O74445	71	f
1	3	sp|O14126|PRS6A_SCHPO	O14126	124	f
1	4	sp|O94579|PSA2_SCHPO	O94579	50	f
1	5	sp|O94579|PSA2_SCHPO	O94579	165	f
1	6	sp|O42897|RPN3_SCHPO	O42897	465	f
1	7	sp|P41878|RPN11_SCHPO	P41878	281	f
1	8	sp|O59770|PSA3_SCHPO	O59770	89	f
1	9	sp|O14250|PSA1_SCHPO	O14250	115	f
1	10	sp|P36612|PRS4_SCHPO	P36612	403	f
1	11	sp|P36612|PRS4_SCHPO	P36612	370	f
1	12	sp|O74762|RPN2_SCHPO	O74762	703	f
1	13	sp|P41836|PRS8_SCHPO	P41836	80	f
1	14	sp|O94517|PSA6_SCHPO	O94517	28	f
1	15	sp|O94517|PSA6_SCHPO	O94517	169	f
1	16	sp|O14126|PRS6A_SCHPO	O14126	293	f
1	17	sp|O14126|PRS6A_SCHPO	O14126	350	f
1	18	sp|O43063|PSB6_SCHPO	O43063	33	f
1	19	sp|O43063|PSB6_SCHPO	O43063	205	f
1	20	sp|Q09682|PSA4_SCHPO	Q09682	54	f
1	21	sp|O94579|PSA2_SCHPO	O94579	176	f
1	22	sp|O42931|PRS7_SCHPO	O42931	411	f
1	23	sp|O42931|PRS7_SCHPO	O42931	422	f
1	24	sp|Q9UQY2|PSB1_SCHPO	Q9UQY2	122	f
1	25	sp|Q9UQY2|PSB1_SCHPO	Q9UQY2	212	f
1	26	sp|O94517|PSA6_SCHPO	O94517	57	f
1	27	sp|O59770|PSA3_SCHPO	O59770	177	f
1	28	sp|Q9UQY2|PSB1_SCHPO	Q9UQY2	86	f
1	29	sp|Q9UQY2|PSB1_SCHPO	Q9UQY2	212	f
1	30	sp|P36612|PRS4_SCHPO	P36612	403	f
1	31	sp|P36612|PRS4_SCHPO	P36612	370	f
1	32	sp|Q9UTM3|RPN5_SCHPO	Q9UTM3	170	f
1	33	sp|Q9UTM3|RPN5_SCHPO	Q9UTM3	204	f
1	34	sp|Q09682|PSA4_SCHPO	Q09682	240	f
1	35	sp|Q09682|PSA4_SCHPO	Q09682	227	f
1	36	sp|Q10329|PSA7_SCHPO	Q10329	236	f
1	37	sp|Q10329|PSA7_SCHPO	Q10329	179	f
1	38	sp|O42897|RPN3_SCHPO	O42897	344	f
1	39	sp|O42897|RPN3_SCHPO	O42897	318	f
1	40	sp|Q9P7S2|RPN6_SCHPO	Q9P7S2	308	f
1	41	sp|Q9P7S2|RPN6_SCHPO	Q9P7S2	98	f
1	42	sp|O94579|PSA2_SCHPO	O94579	99	f
1	43	sp|O94579|PSA2_SCHPO	O94579	91	f
1	44	sp|O42931|PRS7_SCHPO	O42931	124	f
1	45	sp|O14126|PRS6A_SCHPO	O14126	124	f
1	46	sp|P06732|KCRM_HUMAN	P06732	138	f
1	47	sp|P06732|KCRM_HUMAN	P06732	265	f
1	48	sp|Q9UQY2|PSB1_SCHPO	Q9UQY2	122	f
1	49	sp|P30655|PSB5_SCHPO	P30655	93	f
1	50	sp|P36612|PRS4_SCHPO	P36612	45	f
1	51	sp|P36612|PRS4_SCHPO	P36612	93	f
1	52	sp|P41836|PRS8_SCHPO	P41836	90	f
1	53	sp|P36612|PRS4_SCHPO	P36612	45	f
1	54	sp|O14250|PSA1_SCHPO	O14250	201	f
1	55	sp|O14250|PSA1_SCHPO	O14250	239	f
1	56	sp|P06732|KCRM_HUMAN	P06732	369	f
1	57	sp|P06732|KCRM_HUMAN	P06732	298	f
1	58	sp|O94517|PSA6_SCHPO	O94517	43	f
1	59	sp|O94517|PSA6_SCHPO	O94517	162	f
1	60	sp|Q9Y7T8|PSB3_SCHPO	Q9Y7T8	98	f
1	61	sp|Q09720|PSB2_SCHPO	Q09720	86	f
1	62	sp|O14126|PRS6A_SCHPO	O14126	64	f
1	63	sp|O14126|PRS6A_SCHPO	O14126	72	f
1	64	sp|O14126|PRS6A_SCHPO	O14126	64	f
1	65	sp|O14126|PRS6A_SCHPO	O14126	72	f
1	66	sp|Q9UT97|PSA5_SCHPO	Q9UT97	188	f
1	67	sp|Q9UT97|PSA5_SCHPO	Q9UT97	43	f
1	68	sp|P41878|RPN11_SCHPO	P41878	281	f
1	69	sp|P41878|RPN11_SCHPO	P41878	246	f
1	70	sp|O74445|PRS10_SCHPO	O74445	10	f
1	71	sp|O14126|PRS6A_SCHPO	O14126	54	f
1	72	sp|Q09682|PSA4_SCHPO	Q09682	180	f
1	73	sp|Q09682|PSA4_SCHPO	Q09682	198	f
1	74	sp|O94579|PSA2_SCHPO	O94579	91	f
1	75	sp|O94579|PSA2_SCHPO	O94579	88	f
1	76	sp|O94579|PSA2_SCHPO	O94579	99	f
1	77	sp|Q9Y7T8|PSB3_SCHPO	Q9Y7T8	70	f
1	78	sp|Q9UQY2|PSB1_SCHPO	Q9UQY2	212	f
1	79	sp|Q9UQY2|PSB1_SCHPO	Q9UQY2	179	f
1	80	sp|Q9UTM3|RPN5_SCHPO	Q9UTM3	233	f
1	81	sp|Q9UTM3|RPN5_SCHPO	Q9UTM3	218	f
1	82	sp|P36612|PRS4_SCHPO	P36612	357	f
1	83	sp|O42931|PRS7_SCHPO	O42931	422	f
1	84	sp|O14126|PRS6A_SCHPO	O14126	64	f
1	85	sp|O74445|PRS10_SCHPO	O74445	38	f
1	86	sp|Q9UQY2|PSB1_SCHPO	Q9UQY2	122	f
1	87	sp|Q9UQY2|PSB1_SCHPO	Q9UQY2	179	f
1	88	sp|O74894|PRS6B_SCHPO	O74894	94	f
1	89	sp|P41878|RPN11_SCHPO	P41878	276	f
1	90	sp|Q9UQY2|PSB1_SCHPO	Q9UQY2	122	f
1	91	sp|Q9UQY2|PSB1_SCHPO	Q9UQY2	179	f
1	92	sp|O74762|RPN2_SCHPO	O74762	377	f
1	93	sp|O74762|RPN2_SCHPO	O74762	337	f
1	94	sp|Q9USQ9|PSB4_SCHPO	Q9USQ9	108	f
1	95	sp|O14250|PSA1_SCHPO	O14250	111	f
1	96	sp|P06732|KCRM_HUMAN	P06732	369	f
1	97	sp|P06732|KCRM_HUMAN	P06732	298	f
1	98	sp|P06732|KCRM_HUMAN	P06732	298	f
1	99	sp|P06732|KCRM_HUMAN	P06732	242	f
1	100	sp|Q9UTM3|RPN5_SCHPO	Q9UTM3	250	f
1	101	sp|Q9UTM3|RPN5_SCHPO	Q9UTM3	213	f
1	102	sp|Q9USQ9|PSB4_SCHPO	Q9USQ9	108	f
1	103	sp|O14250|PSA1_SCHPO	O14250	111	f
1	104	sp|O94444|RPN10_SCHPO	O94444	30	f
1	105	sp|O14126|PRS6A_SCHPO	O14126	54	f
1	106	sp|O94517|PSA6_SCHPO	O94517	102	f
1	107	sp|O94579|PSA2_SCHPO	O94579	91	f
1	108	sp|O42897|RPN3_SCHPO	O42897	52	f
1	109	sp|P87048|RPN1_SCHPO	P87048	882	f
1	110	sp|P36612|PRS4_SCHPO	P36612	264	f
1	111	sp|P41836|PRS8_SCHPO	P41836	84	f
1	112	sp|O42931|PRS7_SCHPO	O42931	102	f
1	113	sp|O42931|PRS7_SCHPO	O42931	124	f
1	114	sp|Q9UTM3|RPN5_SCHPO	Q9UTM3	80	f
1	115	sp|Q9UTM3|RPN5_SCHPO	Q9UTM3	123	f
1	116	sp|O74762|RPN2_SCHPO	O74762	703	f
1	117	sp|P41836|PRS8_SCHPO	P41836	78	f
1	118	sp|O74445|PRS10_SCHPO	O74445	196	f
1	119	sp|O14126|PRS6A_SCHPO	O14126	217	f
1	120	sp|O14126|PRS6A_SCHPO	O14126	265	f
1	121	sp|O14126|PRS6A_SCHPO	O14126	124	f
1	122	sp|P41878|RPN11_SCHPO	P41878	281	f
1	123	sp|O74894|PRS6B_SCHPO	O74894	49	f
1	124	sp|O74445|PRS10_SCHPO	O74445	318	f
1	125	sp|O14126|PRS6A_SCHPO	O14126	217	f
1	126	sp|O94579|PSA2_SCHPO	O94579	91	f
1	127	sp|O94579|PSA2_SCHPO	O94579	88	f
1	128	sp|Q10335|RPN7_SCHPO	Q10335	69	f
1	129	sp|O42897|RPN3_SCHPO	O42897	318	f
1	130	sp|O74445|PRS10_SCHPO	O74445	318	f
1	131	sp|O14126|PRS6A_SCHPO	O14126	217	f
1	132	sp|Q9UQY2|PSB1_SCHPO	Q9UQY2	122	f
1	133	sp|Q9UQY2|PSB1_SCHPO	Q9UQY2	179	f
1	134	sp|O74894|PRS6B_SCHPO	O74894	94	f
1	135	sp|P41878|RPN11_SCHPO	P41878	276	f
1	136	sp|P41878|RPN11_SCHPO	P41878	276	f
1	137	sp|P41878|RPN11_SCHPO	P41878	246	f
1	138	sp|Q9USQ9|PSB4_SCHPO	Q9USQ9	108	f
1	139	sp|O14250|PSA1_SCHPO	O14250	111	f
1	140	sp|O94517|PSA6_SCHPO	O94517	169	f
1	141	sp|O74445|PRS10_SCHPO	O74445	297	f
1	142	sp|O42931|PRS7_SCHPO	O42931	102	f
1	143	sp|O14126|PRS6A_SCHPO	O14126	172	f
1	144	sp|O74762|RPN2_SCHPO	O74762	316	f
1	145	sp|O74762|RPN2_SCHPO	O74762	296	f
1	146	sp|O42931|PRS7_SCHPO	O42931	68	f
1	147	sp|P36612|PRS4_SCHPO	P36612	93	f
1	148	sp|Q9P7S2|RPN6_SCHPO	Q9P7S2	308	f
1	149	sp|Q9P7S2|RPN6_SCHPO	Q9P7S2	99	f
1	150	sp|O94517|PSA6_SCHPO	O94517	102	f
1	151	sp|O94579|PSA2_SCHPO	O94579	91	f
1	152	sp|O94517|PSA6_SCHPO	O94517	102	f
1	153	sp|O94579|PSA2_SCHPO	O94579	91	f
1	154	sp|O74445|PRS10_SCHPO	O74445	38	f
1	155	sp|O14126|PRS6A_SCHPO	O14126	72	f
1	156	sp|O94517|PSA6_SCHPO	O94517	102	f
1	157	sp|O94579|PSA2_SCHPO	O94579	91	f
1	158	sp|O74762|RPN2_SCHPO	O74762	806	f
1	159	sp|O74762|RPN2_SCHPO	O74762	694	f
1	160	sp|O74445|PRS10_SCHPO	O74445	153	f
1	161	sp|Q9UTM3|RPN5_SCHPO	Q9UTM3	170	f
1	162	sp|O74445|PRS10_SCHPO	O74445	47	f
1	163	sp|O14126|PRS6A_SCHPO	O14126	77	f
1	164	sp|O14126|PRS6A_SCHPO	O14126	64	f
1	165	sp|O74445|PRS10_SCHPO	O74445	38	f
1	166	sp|O74445|PRS10_SCHPO	O74445	153	f
1	167	sp|Q9UTM3|RPN5_SCHPO	Q9UTM3	204	f
1	168	sp|Q9USQ9|PSB4_SCHPO	Q9USQ9	104	f
1	169	sp|O14250|PSA1_SCHPO	O14250	111	f
1	170	sp|Q9P7S2|RPN6_SCHPO	Q9P7S2	272	f
1	171	sp|O74445|PRS10_SCHPO	O74445	164	f
1	172	sp|O74894|PRS6B_SCHPO	O74894	378	f
1	173	sp|O74445|PRS10_SCHPO	O74445	297	f
1	174	sp|O74445|PRS10_SCHPO	O74445	321	f
1	175	sp|O74445|PRS10_SCHPO	O74445	313	f
1	176	sp|O14126|PRS6A_SCHPO	O14126	172	f
1	177	sp|O42931|PRS7_SCHPO	O42931	124	f
1	178	sp|O42931|PRS7_SCHPO	O42931	426	f
1	179	sp|P36612|PRS4_SCHPO	P36612	357	f
1	180	sp|Q9UQY2|PSB1_SCHPO	Q9UQY2	212	f
1	181	sp|Q9UQY2|PSB1_SCHPO	Q9UQY2	179	f
1	182	sp|P41836|PRS8_SCHPO	P41836	126	f
1	183	sp|P41836|PRS8_SCHPO	P41836	84	f
1	184	sp|P87048|RPN1_SCHPO	P87048	9	f
1	185	sp|P87048|RPN1_SCHPO	P87048	24	f
1	186	sp|P41878|RPN11_SCHPO	P41878	185	f
1	187	sp|P41878|RPN11_SCHPO	P41878	153	f
1	188	sp|P41878|RPN11_SCHPO	P41878	276	f
1	189	sp|P41878|RPN11_SCHPO	P41878	281	f
1	190	sp|P06732|KCRM_HUMAN	P06732	369	f
1	191	sp|P06732|KCRM_HUMAN	P06732	298	f
1	192	sp|P41878|RPN11_SCHPO	P41878	276	f
1	193	sp|O74894|PRS6B_SCHPO	O74894	49	f
1	194	sp|Q10335|RPN7_SCHPO	Q10335	174	f
1	195	sp|Q10335|RPN7_SCHPO	Q10335	155	f
1	196	sp|O74762|RPN2_SCHPO	O74762	703	f
1	197	sp|P41836|PRS8_SCHPO	P41836	78	f
1	198	sp|P06732|KCRM_HUMAN	P06732	369	f
1	199	sp|P06732|KCRM_HUMAN	P06732	298	f
1	200	sp|P41836|PRS8_SCHPO	P41836	390	f
1	201	sp|O74894|PRS6B_SCHPO	O74894	299	f
1	202	sp|O14250|PSA1_SCHPO	O14250	201	f
1	203	sp|O14250|PSA1_SCHPO	O14250	239	f
1	204	sp|Q9Y7T8|PSB3_SCHPO	Q9Y7T8	98	f
1	205	sp|Q9Y7T8|PSB3_SCHPO	Q9Y7T8	70	f
1	206	sp|Q9UQY2|PSB1_SCHPO	Q9UQY2	212	f
1	207	sp|Q9UQY2|PSB1_SCHPO	Q9UQY2	179	f
1	208	sp|Q10329|PSA7_SCHPO	Q10329	118	f
1	209	reverse_sp|Q10329|PSA7_SCHPO	Q10329	173	f
1	210	sp|Q09682|PSA4_SCHPO	Q09682	50	f
1	211	sp|O94579|PSA2_SCHPO	O94579	176	f
1	212	sp|Q09682|PSA4_SCHPO	Q09682	54	f
1	213	sp|O94579|PSA2_SCHPO	O94579	176	f
1	214	sp|O42897|RPN3_SCHPO	O42897	52	f
1	215	sp|O42897|RPN3_SCHPO	O42897	465	f
1	216	sp|O42931|PRS7_SCHPO	O42931	344	f
1	217	sp|O14126|PRS6A_SCHPO	O14126	432	f
1	218	sp|P41878|RPN11_SCHPO	P41878	281	f
1	219	reverse_sp|O74445|PRS10_SCHPO	O74445	379	f
1	220	sp|O14126|PRS6A_SCHPO	O14126	64	f
1	221	sp|O74445|PRS10_SCHPO	O74445	24	f
1	222	sp|P41836|PRS8_SCHPO	P41836	218	f
1	223	sp|P41836|PRS8_SCHPO	P41836	206	f
1	224	sp|O74445|PRS10_SCHPO	O74445	297	f
1	225	sp|O74445|PRS10_SCHPO	O74445	387	f
1	226	sp|P50524|RPN12_SCHPO	P50524	34	f
1	227	sp|P50524|RPN12_SCHPO	P50524	46	f
1	228	sp|O74762|RPN2_SCHPO	O74762	148	f
1	229	sp|O74762|RPN2_SCHPO	O74762	107	f
1	230	sp|O74445|PRS10_SCHPO	O74445	318	f
1	231	sp|O14126|PRS6A_SCHPO	O14126	213	f
1	232	sp|O74445|PRS10_SCHPO	O74445	196	f
1	233	sp|O14126|PRS6A_SCHPO	O14126	350	f
1	234	sp|Q09682|PSA4_SCHPO	Q09682	217	f
1	235	sp|Q09682|PSA4_SCHPO	Q09682	223	f
1	236	sp|Q10335|RPN7_SCHPO	Q10335	174	f
1	237	sp|Q10335|RPN7_SCHPO	Q10335	148	f
1	238	sp|O74762|RPN2_SCHPO	O74762	836	f
1	239	sp|O74762|RPN2_SCHPO	O74762	848	f
1	240	sp|P41878|RPN11_SCHPO	P41878	276	f
1	241	sp|P41878|RPN11_SCHPO	P41878	246	f
1	242	sp|O94517|PSA6_SCHPO	O94517	65	f
1	243	sp|O94517|PSA6_SCHPO	O94517	52	f
1	244	sp|O74445|PRS10_SCHPO	O74445	297	f
1	245	sp|O14126|PRS6A_SCHPO	O14126	217	f
1	246	sp|O74762|RPN2_SCHPO	O74762	703	f
1	247	sp|P41836|PRS8_SCHPO	P41836	78	f
1	248	sp|O14126|PRS6A_SCHPO	O14126	64	f
1	249	sp|O74445|PRS10_SCHPO	O74445	41	f
1	250	sp|Q9US13|RPN9_SCHPO	Q9US13	127	f
1	251	reverse_sp|Q9P7S2|RPN6_SCHPO	Q9P7S2	337	f
1	252	reverse_sp|O14126|PRS6A_SCHPO	O14126	226	f
1	253	reverse_sp|P36612|PRS4_SCHPO	P36612	424	f
1	254	sp|O14126|PRS6A_SCHPO	O14126	51	f
1	255	sp|O74445|PRS10_SCHPO	O74445	10	f
1	256	sp|Q09682|PSA4_SCHPO	Q09682	217	f
1	257	reverse_sp|Q09682|PSA4_SCHPO	Q09682	26	f
1	258	sp|P06732|KCRM_HUMAN	P06732	298	f
1	259	sp|P06732|KCRM_HUMAN	P06732	242	f
1	260	sp|O94444|RPN10_SCHPO	O94444	99	f
1	261	sp|O94444|RPN10_SCHPO	O94444	104	f
1	262	sp|P36612|PRS4_SCHPO	P36612	357	f
1	263	sp|P36612|PRS4_SCHPO	P36612	370	f
1	264	sp|Q9UQY2|PSB1_SCHPO	Q9UQY2	70	f
1	265	sp|Q9UQY2|PSB1_SCHPO	Q9UQY2	103	f
1	266	sp|P41878|RPN11_SCHPO	P41878	246	f
1	267	sp|O74894|PRS6B_SCHPO	O74894	49	f
1	268	sp|O74445|PRS10_SCHPO	O74445	153	f
1	269	sp|Q9UTM3|RPN5_SCHPO	Q9UTM3	200	f
1	270	sp|P41836|PRS8_SCHPO	P41836	105	f
1	271	sp|P41836|PRS8_SCHPO	P41836	78	f
1	272	sp|O94579|PSA2_SCHPO	O94579	91	f
1	273	sp|O94579|PSA2_SCHPO	O94579	88	f
1	274	sp|Q9UTM3|RPN5_SCHPO	Q9UTM3	107	f
1	275	sp|Q9UTM3|RPN5_SCHPO	Q9UTM3	141	f
1	276	sp|P30655|PSB5_SCHPO	P30655	183	f
1	277	sp|Q09720|PSB2_SCHPO	Q09720	29	f
1	278	sp|Q09720|PSB2_SCHPO	Q09720	169	f
1	279	sp|Q09720|PSB2_SCHPO	Q09720	169	f
1	280	sp|O74762|RPN2_SCHPO	O74762	806	f
1	281	sp|P36612|PRS4_SCHPO	P36612	93	f
1	282	sp|P87048|RPN1_SCHPO	P87048	9	f
1	283	sp|P87048|RPN1_SCHPO	P87048	21	f
1	284	sp|O42931|PRS7_SCHPO	O42931	112	f
1	285	sp|O74445|PRS10_SCHPO	O74445	38	f
1	286	sp|P41878|RPN11_SCHPO	P41878	281	f
1	287	sp|P41878|RPN11_SCHPO	P41878	246	f
1	288	sp|Q9UTM3|RPN5_SCHPO	Q9UTM3	40	f
1	289	reverse_sp|Q9UTM3|RPN5_SCHPO	Q9UTM3	363	f
1	290	sp|Q9UTM3|RPN5_SCHPO	Q9UTM3	168	f
1	291	sp|Q9UTM3|RPN5_SCHPO	Q9UTM3	213	f
1	292	sp|Q10335|RPN7_SCHPO	Q10335	397	f
1	293	sp|O42897|RPN3_SCHPO	O42897	314	f
1	294	sp|O14126|PRS6A_SCHPO	O14126	413	f
1	295	sp|O42931|PRS7_SCHPO	O42931	207	f
1	296	sp|O74894|PRS6B_SCHPO	O74894	94	f
1	297	reverse_sp|Q09720|PSB2_SCHPO	Q09720	109	f
1	298	sp|P06732|KCRM_HUMAN	P06732	298	f
1	299	sp|P06732|KCRM_HUMAN	P06732	242	f
1	300	reverse_sp|O14250|PSA1_SCHPO	O14250	34	f
1	301	reverse_sp|Q9UUB6|UBLH2_SCHPO	Q9UUB6	245	f
1	302	sp|P06732|KCRM_HUMAN	P06732	107	f
1	303	reverse_sp|P06732|KCRM_HUMAN	P06732	135	f
1	304	sp|P41836|PRS8_SCHPO	P41836	90	f
1	305	sp|P36612|PRS4_SCHPO	P36612	264	f
1	306	sp|O74762|RPN2_SCHPO	O74762	242	f
1	307	sp|O14126|PRS6A_SCHPO	O14126	64	f
1	308	sp|O94517|PSA6_SCHPO	O94517	102	f
1	309	sp|O94579|PSA2_SCHPO	O94579	91	f
1	310	sp|O14126|PRS6A_SCHPO	O14126	64	f
1	311	sp|O74445|PRS10_SCHPO	O74445	41	f
1	312	sp|O94517|PSA6_SCHPO	O94517	102	f
1	313	sp|O94579|PSA2_SCHPO	O94579	91	f
1	314	sp|O42931|PRS7_SCHPO	O42931	51	f
1	315	sp|P36612|PRS4_SCHPO	P36612	45	f
1	316	reverse_sp|Q10329|PSA7_SCHPO	Q10329	17	f
1	317	sp|Q9P7S2|RPN6_SCHPO	Q9P7S2	117	f
1	318	sp|O74762|RPN2_SCHPO	O74762	806	f
1	319	sp|O74762|RPN2_SCHPO	O74762	337	f
1	320	sp|O74445|PRS10_SCHPO	O74445	37	f
1	321	sp|P41878|RPN11_SCHPO	P41878	281	f
1	322	sp|O74894|PRS6B_SCHPO	O74894	186	f
1	323	sp|O74445|PRS10_SCHPO	O74445	164	f
1	324	sp|P41878|RPN11_SCHPO	P41878	246	f
1	325	sp|O74894|PRS6B_SCHPO	O74894	49	f
1	326	sp|O14126|PRS6A_SCHPO	O14126	172	f
1	327	sp|O14126|PRS6A_SCHPO	O14126	124	f
1	328	sp|O42931|PRS7_SCHPO	O42931	426	f
1	329	sp|Q10329|PSA7_SCHPO	Q10329	168	f
1	330	sp|Q9US13|RPN9_SCHPO	Q9US13	142	f
1	331	sp|Q9US13|RPN9_SCHPO	Q9US13	127	f
1	332	sp|O94517|PSA6_SCHPO	O94517	102	f
1	333	sp|O94579|PSA2_SCHPO	O94579	98	f
1	334	sp|O14126|PRS6A_SCHPO	O14126	54	f
1	335	sp|O74445|PRS10_SCHPO	O74445	24	f
1	336	sp|O14126|PRS6A_SCHPO	O14126	210	f
1	337	sp|O14126|PRS6A_SCHPO	O14126	217	f
1	338	sp|P06732|KCRM_HUMAN	P06732	298	f
1	339	sp|Q9P7S2|RPN6_SCHPO	Q9P7S2	119	f
1	340	sp|P36612|PRS4_SCHPO	P36612	184	f
1	341	sp|P36612|PRS4_SCHPO	P36612	45	f
1	342	sp|Q9UT97|PSA5_SCHPO	Q9UT97	210	f
1	343	sp|O42931|PRS7_SCHPO	O42931	422	f
1	344	reverse_sp|Q10329|PSA7_SCHPO	Q10329	30	f
1	345	reverse_sp|O14126|PRS6A_SCHPO	O14126	267	f
1	346	reverse_sp|Q10329|PSA7_SCHPO	Q10329	17	f
1	347	sp|Q9P7S2|RPN6_SCHPO	Q9P7S2	36	f
1	348	sp|O42931|PRS7_SCHPO	O42931	59	f
1	349	sp|P41836|PRS8_SCHPO	P41836	105	f
1	350	reverse_sp|P87048|RPN1_SCHPO	P87048	552	f
1	351	reverse_sp|O74762|RPN2_SCHPO	O74762	118	f
1	352	reverse_sp|O74445|PRS10_SCHPO	O74445	76	f
1	353	reverse_sp|P50524|RPN12_SCHPO	P50524	249	f
1	354	reverse_sp|O14126|PRS6A_SCHPO	O14126	369	f
1	355	reverse_sp|Q10335|RPN7_SCHPO	Q10335	234	f
1	356	reverse_sp|Q09682|PSA4_SCHPO	Q09682	32	f
1	357	sp|O74762|RPN2_SCHPO	O74762	844	f
1	358	sp|P06732|KCRM_HUMAN	P06732	366	f
1	359	sp|P06732|KCRM_HUMAN	P06732	298	f
1	360	reverse_sp|O14126|PRS6A_SCHPO	O14126	362	f
1	361	reverse_sp|Q09720|PSB2_SCHPO	Q09720	109	f
1	362	sp|P06732|KCRM_HUMAN	P06732	15	f
1	363	sp|O94579|PSA2_SCHPO	O94579	98	f
1	364	sp|O74762|RPN2_SCHPO	O74762	844	f
1	365	sp|O14126|PRS6A_SCHPO	O14126	350	f
1	366	sp|P50524|RPN12_SCHPO	P50524	22	f
1	367	reverse_sp|Q09682|PSA4_SCHPO	Q09682	26	f
1	368	sp|O74762|RPN2_SCHPO	O74762	703	f
1	369	sp|P36612|PRS4_SCHPO	P36612	93	f
1	370	reverse_sp|O74762|RPN2_SCHPO	O74762	122	f
1	371	reverse_sp|Q09720|PSB2_SCHPO	Q09720	9	f
1	372	reverse_sp|O94444|RPN10_SCHPO	O94444	5	f
1	373	reverse_sp|Q9UUB6|UBLH2_SCHPO	Q9UUB6	3	f
1	374	sp|O74762|RPN2_SCHPO	O74762	694	f
1	375	sp|O74762|RPN2_SCHPO	O74762	806	f
1	376	sp|P06732|KCRM_HUMAN	P06732	138	f
1	377	reverse_sp|P06732|KCRM_HUMAN	P06732	117	f
1	378	sp|P87048|RPN1_SCHPO	P87048	735	f
1	379	sp|P36612|PRS4_SCHPO	P36612	30	f
1	380	sp|Q9UUB6|UBLH2_SCHPO	Q9UUB6	220	f
1	381	sp|O74445|PRS10_SCHPO	O74445	41	f
1	382	sp|O74762|RPN2_SCHPO	O74762	703	f
1	383	sp|O74762|RPN2_SCHPO	O74762	337	f
1	384	reverse_sp|P87048|RPN1_SCHPO	P87048	854	f
1	385	reverse_sp|P41836|PRS8_SCHPO	P41836	249	f
1	386	reverse_sp|Q09841|PSB7_SCHPO	Q09841	204	f
1	387	reverse_sp|Q9UQY2|PSB1_SCHPO	Q9UQY2	47	f
1	388	sp|O74762|RPN2_SCHPO	O74762	844	f
1	389	sp|Q9UT97|PSA5_SCHPO	Q9UT97	214	f
1	390	sp|O42931|PRS7_SCHPO	O42931	271	f
1	391	sp|O74445|PRS10_SCHPO	O74445	38	f
1	392	sp|Q09720|PSB2_SCHPO	Q09720	177	f
1	393	reverse_sp|O14126|PRS6A_SCHPO	O14126	140	f
1	394	sp|P41836|PRS8_SCHPO	P41836	84	f
1	395	reverse_sp|Q09682|PSA4_SCHPO	Q09682	28	f
1	396	reverse_sp|P36612|PRS4_SCHPO	P36612	404	f
1	397	sp|O14126|PRS6A_SCHPO	O14126	51	f
1	398	reverse_sp|P30655|PSB5_SCHPO	P30655	131	f
1	399	sp|O74762|RPN2_SCHPO	O74762	836	f
1	400	reverse_sp|P06732|KCRM_HUMAN	P06732	13	f
1	401	reverse_sp|Q09682|PSA4_SCHPO	Q09682	26	f
1	402	sp|Q9UUB6|UBLH2_SCHPO	Q9UUB6	220	f
1	403	sp|Q09720|PSB2_SCHPO	Q09720	162	f
1	404	sp|Q9US13|RPN9_SCHPO	Q9US13	127	f
1	405	sp|Q9US13|RPN9_SCHPO	Q9US13	127	f
1	406	sp|P50524|RPN12_SCHPO	P50524	23	f
1	407	reverse_sp|Q09682|PSA4_SCHPO	Q09682	26	f
1	408	sp|O14126|PRS6A_SCHPO	O14126	72	f
1	409	sp|O74440|RPN8_SCHPO	O74440	91	f
1	410	reverse_sp|O74762|RPN2_SCHPO	O74762	263	f
1	411	sp|O74762|RPN2_SCHPO	O74762	806	f
1	412	sp|O94517|PSA6_SCHPO	O94517	102	f
1	413	sp|P41878|RPN11_SCHPO	P41878	281	f
1	414	sp|P87048|RPN1_SCHPO	P87048	440	f
1	415	sp|Q9UT97|PSA5_SCHPO	Q9UT97	201	f
1	416	sp|P87048|RPN1_SCHPO	P87048	20	f
1	417	sp|P87048|RPN1_SCHPO	P87048	24	f
1	418	reverse_sp|P06732|KCRM_HUMAN	P06732	13	f
1	419	reverse_sp|Q09682|PSA4_SCHPO	Q09682	26	f
1	420	reverse_sp|P06732|KCRM_HUMAN	P06732	210	f
1	421	reverse_sp|Q09841|PSB7_SCHPO	Q09841	42	f
1	422	sp|Q10335|RPN7_SCHPO	Q10335	86	f
1	423	sp|Q10335|RPN7_SCHPO	Q10335	62	f
1	424	sp|O74762|RPN2_SCHPO	O74762	703	f
1	425	sp|P41836|PRS8_SCHPO	P41836	80	f
1	426	sp|O74894|PRS6B_SCHPO	O74894	94	f
1	427	sp|P41878|RPN11_SCHPO	P41878	276	f
1	428	reverse_sp|Q9P7S2|RPN6_SCHPO	Q9P7S2	390	f
1	429	reverse_sp|Q9UQY2|PSB1_SCHPO	Q9UQY2	3	f
1	430	sp|O74762|RPN2_SCHPO	O74762	242	f
1	431	reverse_sp|O74762|RPN2_SCHPO	O74762	118	f
1	432	reverse_sp|O14126|PRS6A_SCHPO	O14126	362	f
1	433	sp|O14126|PRS6A_SCHPO	O14126	72	f
1	434	reverse_sp|Q10335|RPN7_SCHPO	Q10335	294	f
1	435	reverse_sp|Q9USQ9|PSB4_SCHPO	Q9USQ9	62	f
1	436	sp|P06732|KCRM_HUMAN	P06732	107	f
1	437	sp|O14126|PRS6A_SCHPO	O14126	54	f
1	438	sp|O42931|PRS7_SCHPO	O42931	370	f
1	439	reverse_sp|P06732|KCRM_HUMAN	P06732	16	f
1	440	sp|P41836|PRS8_SCHPO	P41836	357	f
1	441	reverse_sp|P06732|KCRM_HUMAN	P06732	140	f
1	442	sp|O74445|PRS10_SCHPO	O74445	153	f
1	443	sp|Q9UTM3|RPN5_SCHPO	Q9UTM3	218	f
1	444	sp|O74445|PRS10_SCHPO	O74445	205	f
1	445	sp|Q10329|PSA7_SCHPO	Q10329	236	f
\.


--
-- Data for Name: peptides; Type: TABLE DATA; Schema: public; Owner: xiadmin
--

COPY public.peptides (id, upload_id, seq_mods, link_site, crosslinker_modmass, crosslinker_pair_id) FROM stdin;
0	1		1	\N	0
1	1		1	\N	0
2	1		1	\N	1
3	1		1	\N	1
4	1		1	\N	2
5	1		1	\N	2
6	1		1	\N	3
7	1		1	\N	3
8	1		1	\N	4
9	1		1	\N	4
10	1		1	\N	5
11	1		1	\N	5
12	1		1	\N	6
13	1		1	\N	6
14	1		1	\N	7
15	1		1	\N	7
16	1		1	\N	8
17	1		1	\N	8
18	1		1	\N	9
19	1		1	\N	9
20	1		1	\N	10
21	1		1	\N	10
22	1		1	\N	11
23	1		1	\N	11
24	1		1	\N	12
25	1		1	\N	12
26	1		1	\N	13
27	1		1	\N	13
28	1		1	\N	14
29	1		1	\N	14
30	1		1	\N	15
31	1		1	\N	15
32	1		1	\N	16
33	1		1	\N	16
34	1		1	\N	17
35	1		1	\N	17
36	1		1	\N	18
37	1		1	\N	18
38	1		1	\N	19
39	1		1	\N	19
40	1		1	\N	20
41	1		1	\N	20
42	1		1	\N	21
43	1		1	\N	21
44	1		1	\N	22
45	1		1	\N	22
46	1		1	\N	23
47	1		1	\N	23
48	1		1	\N	24
49	1		1	\N	24
50	1		1	\N	25
51	1		1	\N	25
52	1		1	\N	26
53	1		1	\N	26
54	1		1	\N	27
55	1		1	\N	27
56	1		1	\N	28
57	1		1	\N	28
58	1		1	\N	29
59	1		1	\N	29
60	1		1	\N	30
61	1		1	\N	30
62	1		1	\N	31
63	1		1	\N	31
64	1		1	\N	32
65	1		1	\N	32
66	1		1	\N	33
67	1		1	\N	33
68	1		1	\N	34
69	1		1	\N	34
70	1		1	\N	35
71	1		1	\N	35
72	1		1	\N	36
73	1		1	\N	36
74	1		1	\N	37
75	1		1	\N	37
76	1		1	\N	38
77	1		1	\N	38
78	1		1	\N	39
79	1		1	\N	39
80	1		1	\N	40
81	1		1	\N	40
82	1		1	\N	41
83	1		1	\N	41
84	1		1	\N	42
85	1		1	\N	42
86	1		1	\N	43
87	1		1	\N	43
88	1		1	\N	44
89	1		1	\N	44
90	1		1	\N	45
91	1		1	\N	45
92	1		1	\N	46
93	1		1	\N	46
94	1		1	\N	47
95	1		1	\N	47
96	1		1	\N	48
97	1		1	\N	48
98	1		1	\N	49
99	1		1	\N	49
100	1		1	\N	50
101	1		1	\N	50
102	1		1	\N	51
103	1		1	\N	51
104	1		1	\N	52
105	1		1	\N	52
106	1		1	\N	53
107	1		1	\N	53
108	1		1	\N	54
109	1		1	\N	54
110	1		1	\N	55
111	1		1	\N	55
112	1		1	\N	56
113	1		1	\N	56
114	1		1	\N	57
115	1		1	\N	57
116	1		1	\N	58
117	1		1	\N	58
118	1		1	\N	59
119	1		1	\N	59
120	1		1	\N	60
121	1		1	\N	60
122	1		1	\N	61
123	1		1	\N	61
124	1		1	\N	62
125	1		1	\N	62
126	1		1	\N	63
127	1		1	\N	63
128	1		1	\N	64
129	1		1	\N	64
130	1		1	\N	65
131	1		1	\N	65
132	1		1	\N	66
133	1		1	\N	66
134	1		1	\N	67
135	1		1	\N	67
136	1		1	\N	68
137	1		1	\N	68
138	1		1	\N	69
139	1		1	\N	69
140	1		1	\N	70
141	1		1	\N	70
142	1		1	\N	71
143	1		1	\N	71
144	1		1	\N	72
145	1		1	\N	72
146	1		1	\N	73
147	1		1	\N	73
148	1		1	\N	74
149	1		1	\N	74
150	1		1	\N	75
151	1		1	\N	75
152	1		1	\N	76
153	1		1	\N	76
154	1		1	\N	77
155	1		1	\N	77
156	1		1	\N	78
157	1		1	\N	78
158	1		1	\N	79
159	1		1	\N	79
160	1		1	\N	80
161	1		1	\N	80
162	1		1	\N	81
163	1		1	\N	81
164	1		1	\N	82
165	1		1	\N	82
166	1		1	\N	83
167	1		1	\N	83
168	1		1	\N	84
169	1		1	\N	84
170	1		1	\N	85
171	1		1	\N	85
172	1		1	\N	86
173	1		1	\N	86
174	1		1	\N	87
175	1		1	\N	87
176	1		1	\N	88
177	1		1	\N	88
178	1		1	\N	89
179	1		1	\N	89
180	1		1	\N	90
181	1		1	\N	90
182	1		1	\N	91
183	1		1	\N	91
184	1		1	\N	92
185	1		1	\N	92
186	1		1	\N	93
187	1		1	\N	93
188	1		1	\N	94
189	1		1	\N	94
190	1		1	\N	95
191	1		1	\N	95
192	1		1	\N	96
193	1		1	\N	96
194	1		1	\N	97
195	1		1	\N	97
196	1		1	\N	98
197	1		1	\N	98
198	1		1	\N	99
199	1		1	\N	99
200	1		1	\N	100
201	1		1	\N	100
202	1		1	\N	101
203	1		1	\N	101
204	1		1	\N	102
205	1		1	\N	102
206	1		1	\N	103
207	1		1	\N	103
208	1		1	\N	104
209	1		1	\N	104
210	1		1	\N	105
211	1		1	\N	105
212	1		1	\N	106
213	1		1	\N	106
214	1		1	\N	107
215	1		1	\N	107
216	1		1	\N	108
217	1		1	\N	108
218	1		1	\N	109
219	1		1	\N	109
220	1		1	\N	110
221	1		1	\N	110
222	1		1	\N	111
223	1		1	\N	111
224	1		1	\N	112
225	1		1	\N	112
226	1		1	\N	113
227	1		1	\N	113
228	1		1	\N	114
229	1		1	\N	114
230	1		1	\N	115
231	1		1	\N	115
232	1		1	\N	116
233	1		1	\N	116
234	1		1	\N	117
235	1		1	\N	117
236	1		1	\N	118
237	1		1	\N	118
238	1		1	\N	119
239	1		1	\N	119
240	1		1	\N	120
241	1		1	\N	120
242	1		1	\N	121
243	1		1	\N	121
244	1		1	\N	122
245	1		1	\N	122
246	1		1	\N	123
247	1		1	\N	123
248	1		1	\N	124
249	1		1	\N	124
250	1		1	\N	125
251	1		1	\N	125
252	1		1	\N	126
253	1		1	\N	126
254	1		1	\N	127
255	1		1	\N	127
256	1		1	\N	128
257	1		1	\N	128
258	1		1	\N	129
259	1		1	\N	129
260	1		1	\N	130
261	1		1	\N	130
262	1		1	\N	131
263	1		1	\N	131
264	1		1	\N	132
265	1		1	\N	132
266	1		1	\N	133
267	1		1	\N	133
268	1		1	\N	134
269	1		1	\N	134
270	1		1	\N	135
271	1		1	\N	135
272	1		1	\N	136
273	1		1	\N	136
274	1		1	\N	137
275	1		1	\N	137
276	1		1	\N	138
277	1		1	\N	138
278	1		1	\N	139
279	1		1	\N	139
280	1		1	\N	140
281	1		1	\N	140
282	1		1	\N	141
283	1		1	\N	141
284	1		1	\N	142
285	1		1	\N	142
286	1		1	\N	143
287	1		1	\N	143
288	1		1	\N	144
289	1		1	\N	144
290	1		1	\N	145
291	1		1	\N	145
292	1		1	\N	146
293	1		1	\N	146
294	1		1	\N	147
295	1		1	\N	147
296	1		1	\N	148
297	1		1	\N	148
298	1		1	\N	149
299	1		1	\N	149
300	1		1	\N	150
301	1		1	\N	150
302	1		1	\N	151
303	1		1	\N	151
304	1		1	\N	152
305	1		1	\N	152
306	1		1	\N	153
307	1		1	\N	153
308	1		1	\N	154
309	1		1	\N	154
310	1		1	\N	155
311	1		1	\N	155
312	1		1	\N	156
313	1		1	\N	156
314	1		1	\N	157
315	1		1	\N	157
316	1		1	\N	158
317	1		1	\N	158
318	1		1	\N	159
319	1		1	\N	159
320	1		1	\N	160
321	1		1	\N	160
322	1		1	\N	161
323	1		1	\N	161
324	1		1	\N	162
325	1		1	\N	162
326	1		1	\N	163
327	1		1	\N	163
328	1		1	\N	164
329	1		1	\N	164
330	1		1	\N	165
331	1		1	\N	165
332	1		1	\N	166
333	1		1	\N	166
334	1		1	\N	167
335	1		1	\N	167
336	1		1	\N	168
337	1		1	\N	168
338	1		1	\N	169
339	1		1	\N	169
340	1		1	\N	170
341	1		1	\N	170
342	1		1	\N	171
343	1		1	\N	171
344	1		1	\N	172
345	1		1	\N	172
346	1		1	\N	173
347	1		1	\N	173
348	1		1	\N	174
349	1		1	\N	174
350	1		1	\N	175
351	1		1	\N	175
352	1		1	\N	176
353	1		1	\N	176
354	1		1	\N	177
355	1		1	\N	177
356	1		1	\N	178
357	1		1	\N	178
358	1		1	\N	179
359	1		1	\N	179
360	1		1	\N	180
361	1		1	\N	180
362	1		1	\N	181
363	1		1	\N	181
364	1		1	\N	182
365	1		1	\N	182
366	1		1	\N	183
367	1		1	\N	183
368	1		1	\N	184
369	1		1	\N	184
370	1		1	\N	185
371	1		1	\N	185
372	1		1	\N	186
373	1		1	\N	186
374	1		1	\N	187
375	1		1	\N	187
376	1		1	\N	188
377	1		1	\N	188
378	1		1	\N	189
379	1		1	\N	189
380	1		1	\N	190
381	1		1	\N	190
382	1		1	\N	191
383	1		1	\N	191
384	1		1	\N	192
385	1		1	\N	192
386	1		1	\N	193
387	1		1	\N	193
388	1		1	\N	194
389	1		1	\N	194
390	1		1	\N	195
391	1		1	\N	195
392	1		1	\N	196
393	1		1	\N	196
394	1		1	\N	197
395	1		1	\N	197
396	1		1	\N	198
397	1		1	\N	198
398	1		1	\N	199
399	1		1	\N	199
400	1		1	\N	200
401	1		1	\N	200
402	1		1	\N	201
403	1		1	\N	201
404	1		1	\N	202
405	1		1	\N	202
406	1		1	\N	203
407	1		1	\N	203
408	1		1	\N	204
409	1		1	\N	204
410	1		1	\N	205
411	1		1	\N	205
412	1		1	\N	206
413	1		1	\N	206
414	1		1	\N	207
415	1		1	\N	207
416	1		1	\N	208
417	1		1	\N	208
418	1		1	\N	209
419	1		1	\N	209
420	1		1	\N	210
421	1		1	\N	210
422	1		1	\N	211
423	1		1	\N	211
424	1		1	\N	212
425	1		1	\N	212
426	1		1	\N	213
427	1		1	\N	213
428	1		1	\N	214
429	1		1	\N	214
430	1		1	\N	215
431	1		1	\N	215
432	1		1	\N	216
433	1		1	\N	216
434	1		1	\N	217
435	1		1	\N	217
436	1		1	\N	218
437	1		1	\N	218
438	1		1	\N	219
439	1		1	\N	219
440	1		1	\N	220
441	1		1	\N	220
442	1		1	\N	221
443	1		1	\N	221
444	1		1	\N	222
445	1		1	\N	222
\.


--
-- Data for Name: spectra; Type: TABLE DATA; Schema: public; Owner: xiadmin
--

COPY public.spectra (id, upload_id, peak_list_file_name, scan_id, frag_tol, spectrum_ref, precursor_charge, precursor_mz, mz, intensity) FROM stdin;
\.


--
-- Data for Name: spectrum_identifications; Type: TABLE DATA; Schema: public; Owner: xiadmin
--

COPY public.spectrum_identifications (id, upload_id, spectrum_id, pep1_id, pep2_id, charge_state, pass_threshold, rank, ions, scores, exp_mz, calc_mz, meta1, meta2, meta3) FROM stdin;
0	1	\N	0	1	\N	t	1	\N	{"score": 0.0}	\N	\N			
1	1	\N	2	3	\N	t	1	\N	{"score": 0.0}	\N	\N			
2	1	\N	4	5	\N	t	1	\N	{"score": 0.0}	\N	\N			
3	1	\N	6	7	\N	t	1	\N	{"score": 0.0}	\N	\N			
4	1	\N	8	9	\N	t	1	\N	{"score": 0.0}	\N	\N			
5	1	\N	10	11	\N	t	1	\N	{"score": 0.0}	\N	\N			
6	1	\N	12	13	\N	t	1	\N	{"score": 0.0}	\N	\N			
7	1	\N	14	15	\N	t	1	\N	{"score": 0.0}	\N	\N			
8	1	\N	16	17	\N	t	1	\N	{"score": 0.0}	\N	\N			
9	1	\N	18	19	\N	t	1	\N	{"score": 0.0}	\N	\N			
10	1	\N	20	21	\N	t	1	\N	{"score": 0.0}	\N	\N			
11	1	\N	22	23	\N	t	1	\N	{"score": 0.0}	\N	\N			
12	1	\N	24	25	\N	t	1	\N	{"score": 0.0}	\N	\N			
13	1	\N	26	27	\N	t	1	\N	{"score": 0.0}	\N	\N			
14	1	\N	28	29	\N	t	1	\N	{"score": 0.0}	\N	\N			
15	1	\N	30	31	\N	t	1	\N	{"score": 0.0}	\N	\N			
16	1	\N	32	33	\N	t	1	\N	{"score": 0.0}	\N	\N			
17	1	\N	34	35	\N	t	1	\N	{"score": 0.0}	\N	\N			
18	1	\N	36	37	\N	t	1	\N	{"score": 0.0}	\N	\N			
19	1	\N	38	39	\N	t	1	\N	{"score": 0.0}	\N	\N			
20	1	\N	40	41	\N	t	1	\N	{"score": 0.0}	\N	\N			
21	1	\N	42	43	\N	t	1	\N	{"score": 0.0}	\N	\N			
22	1	\N	44	45	\N	t	1	\N	{"score": 0.0}	\N	\N			
23	1	\N	46	47	\N	t	1	\N	{"score": 0.0}	\N	\N			
24	1	\N	48	49	\N	t	1	\N	{"score": 0.0}	\N	\N			
25	1	\N	50	51	\N	t	1	\N	{"score": 0.0}	\N	\N			
26	1	\N	52	53	\N	t	1	\N	{"score": 0.0}	\N	\N			
27	1	\N	54	55	\N	t	1	\N	{"score": 0.0}	\N	\N			
28	1	\N	56	57	\N	t	1	\N	{"score": 0.0}	\N	\N			
29	1	\N	58	59	\N	t	1	\N	{"score": 0.0}	\N	\N			
30	1	\N	60	61	\N	t	1	\N	{"score": 0.0}	\N	\N			
31	1	\N	62	63	\N	t	1	\N	{"score": 0.0}	\N	\N			
32	1	\N	64	65	\N	t	1	\N	{"score": 0.0}	\N	\N			
33	1	\N	66	67	\N	t	1	\N	{"score": 0.0}	\N	\N			
34	1	\N	68	69	\N	t	1	\N	{"score": 0.0}	\N	\N			
35	1	\N	70	71	\N	t	1	\N	{"score": 0.0}	\N	\N			
36	1	\N	72	73	\N	t	1	\N	{"score": 0.0}	\N	\N			
37	1	\N	74	75	\N	t	1	\N	{"score": 0.0}	\N	\N			
38	1	\N	76	77	\N	t	1	\N	{"score": 0.0}	\N	\N			
39	1	\N	78	79	\N	t	1	\N	{"score": 0.0}	\N	\N			
40	1	\N	80	81	\N	t	1	\N	{"score": 0.0}	\N	\N			
41	1	\N	82	83	\N	t	1	\N	{"score": 0.0}	\N	\N			
42	1	\N	84	85	\N	t	1	\N	{"score": 0.0}	\N	\N			
43	1	\N	86	87	\N	t	1	\N	{"score": 0.0}	\N	\N			
44	1	\N	88	89	\N	t	1	\N	{"score": 0.0}	\N	\N			
45	1	\N	90	91	\N	t	1	\N	{"score": 0.0}	\N	\N			
46	1	\N	92	93	\N	t	1	\N	{"score": 0.0}	\N	\N			
47	1	\N	94	95	\N	t	1	\N	{"score": 0.0}	\N	\N			
48	1	\N	96	97	\N	t	1	\N	{"score": 0.0}	\N	\N			
49	1	\N	98	99	\N	t	1	\N	{"score": 0.0}	\N	\N			
50	1	\N	100	101	\N	t	1	\N	{"score": 0.0}	\N	\N			
51	1	\N	102	103	\N	t	1	\N	{"score": 0.0}	\N	\N			
52	1	\N	104	105	\N	t	1	\N	{"score": 0.0}	\N	\N			
53	1	\N	106	107	\N	t	1	\N	{"score": 0.0}	\N	\N			
54	1	\N	108	109	\N	t	1	\N	{"score": 0.0}	\N	\N			
55	1	\N	110	111	\N	t	1	\N	{"score": 0.0}	\N	\N			
56	1	\N	112	113	\N	t	1	\N	{"score": 0.0}	\N	\N			
57	1	\N	114	115	\N	t	1	\N	{"score": 0.0}	\N	\N			
58	1	\N	116	117	\N	t	1	\N	{"score": 0.0}	\N	\N			
59	1	\N	118	119	\N	t	1	\N	{"score": 0.0}	\N	\N			
60	1	\N	120	121	\N	t	1	\N	{"score": 0.0}	\N	\N			
61	1	\N	122	123	\N	t	1	\N	{"score": 0.0}	\N	\N			
62	1	\N	124	125	\N	t	1	\N	{"score": 0.0}	\N	\N			
63	1	\N	126	127	\N	t	1	\N	{"score": 0.0}	\N	\N			
64	1	\N	128	129	\N	t	1	\N	{"score": 0.0}	\N	\N			
65	1	\N	130	131	\N	t	1	\N	{"score": 0.0}	\N	\N			
66	1	\N	132	133	\N	t	1	\N	{"score": 0.0}	\N	\N			
67	1	\N	134	135	\N	t	1	\N	{"score": 0.0}	\N	\N			
68	1	\N	136	137	\N	t	1	\N	{"score": 0.0}	\N	\N			
69	1	\N	138	139	\N	t	1	\N	{"score": 0.0}	\N	\N			
70	1	\N	140	141	\N	t	1	\N	{"score": 0.0}	\N	\N			
71	1	\N	142	143	\N	t	1	\N	{"score": 0.0}	\N	\N			
72	1	\N	144	145	\N	t	1	\N	{"score": 0.0}	\N	\N			
73	1	\N	146	147	\N	t	1	\N	{"score": 0.0}	\N	\N			
74	1	\N	148	149	\N	t	1	\N	{"score": 0.0}	\N	\N			
75	1	\N	150	151	\N	t	1	\N	{"score": 0.0}	\N	\N			
76	1	\N	152	153	\N	t	1	\N	{"score": 0.0}	\N	\N			
77	1	\N	154	155	\N	t	1	\N	{"score": 0.0}	\N	\N			
78	1	\N	156	157	\N	t	1	\N	{"score": 0.0}	\N	\N			
79	1	\N	158	159	\N	t	1	\N	{"score": 0.0}	\N	\N			
80	1	\N	160	161	\N	t	1	\N	{"score": 0.0}	\N	\N			
81	1	\N	162	163	\N	t	1	\N	{"score": 0.0}	\N	\N			
82	1	\N	164	165	\N	t	1	\N	{"score": 0.0}	\N	\N			
83	1	\N	166	167	\N	t	1	\N	{"score": 0.0}	\N	\N			
84	1	\N	168	169	\N	t	1	\N	{"score": 0.0}	\N	\N			
85	1	\N	170	171	\N	t	1	\N	{"score": 0.0}	\N	\N			
86	1	\N	172	173	\N	t	1	\N	{"score": 0.0}	\N	\N			
87	1	\N	174	175	\N	t	1	\N	{"score": 0.0}	\N	\N			
88	1	\N	176	177	\N	t	1	\N	{"score": 0.0}	\N	\N			
89	1	\N	178	179	\N	t	1	\N	{"score": 0.0}	\N	\N			
90	1	\N	180	181	\N	t	1	\N	{"score": 0.0}	\N	\N			
91	1	\N	182	183	\N	t	1	\N	{"score": 0.0}	\N	\N			
92	1	\N	184	185	\N	t	1	\N	{"score": 0.0}	\N	\N			
93	1	\N	186	187	\N	t	1	\N	{"score": 0.0}	\N	\N			
94	1	\N	188	189	\N	t	1	\N	{"score": 0.0}	\N	\N			
95	1	\N	190	191	\N	t	1	\N	{"score": 0.0}	\N	\N			
96	1	\N	192	193	\N	t	1	\N	{"score": 0.0}	\N	\N			
97	1	\N	194	195	\N	t	1	\N	{"score": 0.0}	\N	\N			
98	1	\N	196	197	\N	t	1	\N	{"score": 0.0}	\N	\N			
99	1	\N	198	199	\N	t	1	\N	{"score": 0.0}	\N	\N			
100	1	\N	200	201	\N	t	1	\N	{"score": 0.0}	\N	\N			
101	1	\N	202	203	\N	t	1	\N	{"score": 0.0}	\N	\N			
102	1	\N	204	205	\N	t	1	\N	{"score": 0.0}	\N	\N			
103	1	\N	206	207	\N	t	1	\N	{"score": 0.0}	\N	\N			
104	1	\N	208	209	\N	t	1	\N	{"score": 0.0}	\N	\N			
105	1	\N	210	211	\N	t	1	\N	{"score": 0.0}	\N	\N			
106	1	\N	212	213	\N	t	1	\N	{"score": 0.0}	\N	\N			
107	1	\N	214	215	\N	t	1	\N	{"score": 0.0}	\N	\N			
108	1	\N	216	217	\N	t	1	\N	{"score": 0.0}	\N	\N			
109	1	\N	218	219	\N	t	1	\N	{"score": 0.0}	\N	\N			
110	1	\N	220	221	\N	t	1	\N	{"score": 0.0}	\N	\N			
111	1	\N	222	223	\N	t	1	\N	{"score": 0.0}	\N	\N			
112	1	\N	224	225	\N	t	1	\N	{"score": 0.0}	\N	\N			
113	1	\N	226	227	\N	t	1	\N	{"score": 0.0}	\N	\N			
114	1	\N	228	229	\N	t	1	\N	{"score": 0.0}	\N	\N			
115	1	\N	230	231	\N	t	1	\N	{"score": 0.0}	\N	\N			
116	1	\N	232	233	\N	t	1	\N	{"score": 0.0}	\N	\N			
117	1	\N	234	235	\N	t	1	\N	{"score": 0.0}	\N	\N			
118	1	\N	236	237	\N	t	1	\N	{"score": 0.0}	\N	\N			
119	1	\N	238	239	\N	t	1	\N	{"score": 0.0}	\N	\N			
120	1	\N	240	241	\N	t	1	\N	{"score": 0.0}	\N	\N			
121	1	\N	242	243	\N	t	1	\N	{"score": 0.0}	\N	\N			
122	1	\N	244	245	\N	t	1	\N	{"score": 0.0}	\N	\N			
123	1	\N	246	247	\N	t	1	\N	{"score": 0.0}	\N	\N			
124	1	\N	248	249	\N	t	1	\N	{"score": 0.0}	\N	\N			
125	1	\N	250	251	\N	t	1	\N	{"score": 0.0}	\N	\N			
126	1	\N	252	253	\N	t	1	\N	{"score": 0.0}	\N	\N			
127	1	\N	254	255	\N	t	1	\N	{"score": 0.0}	\N	\N			
128	1	\N	256	257	\N	t	1	\N	{"score": 0.0}	\N	\N			
129	1	\N	258	259	\N	t	1	\N	{"score": 0.0}	\N	\N			
130	1	\N	260	261	\N	t	1	\N	{"score": 0.0}	\N	\N			
131	1	\N	262	263	\N	t	1	\N	{"score": 0.0}	\N	\N			
132	1	\N	264	265	\N	t	1	\N	{"score": 0.0}	\N	\N			
133	1	\N	266	267	\N	t	1	\N	{"score": 0.0}	\N	\N			
134	1	\N	268	269	\N	t	1	\N	{"score": 0.0}	\N	\N			
135	1	\N	270	271	\N	t	1	\N	{"score": 0.0}	\N	\N			
136	1	\N	272	273	\N	t	1	\N	{"score": 0.0}	\N	\N			
137	1	\N	274	275	\N	t	1	\N	{"score": 0.0}	\N	\N			
138	1	\N	276	277	\N	t	1	\N	{"score": 0.0}	\N	\N			
139	1	\N	278	279	\N	t	1	\N	{"score": 0.0}	\N	\N			
140	1	\N	280	281	\N	t	1	\N	{"score": 0.0}	\N	\N			
141	1	\N	282	283	\N	t	1	\N	{"score": 0.0}	\N	\N			
142	1	\N	284	285	\N	t	1	\N	{"score": 0.0}	\N	\N			
143	1	\N	286	287	\N	t	1	\N	{"score": 0.0}	\N	\N			
144	1	\N	288	289	\N	t	1	\N	{"score": 0.0}	\N	\N			
145	1	\N	290	291	\N	t	1	\N	{"score": 0.0}	\N	\N			
146	1	\N	292	293	\N	t	1	\N	{"score": 0.0}	\N	\N			
147	1	\N	294	295	\N	t	1	\N	{"score": 0.0}	\N	\N			
148	1	\N	296	297	\N	t	1	\N	{"score": 0.0}	\N	\N			
149	1	\N	298	299	\N	t	1	\N	{"score": 0.0}	\N	\N			
150	1	\N	300	301	\N	t	1	\N	{"score": 0.0}	\N	\N			
151	1	\N	302	303	\N	t	1	\N	{"score": 0.0}	\N	\N			
152	1	\N	304	305	\N	t	1	\N	{"score": 0.0}	\N	\N			
153	1	\N	306	307	\N	t	1	\N	{"score": 0.0}	\N	\N			
154	1	\N	308	309	\N	t	1	\N	{"score": 0.0}	\N	\N			
155	1	\N	310	311	\N	t	1	\N	{"score": 0.0}	\N	\N			
156	1	\N	312	313	\N	t	1	\N	{"score": 0.0}	\N	\N			
157	1	\N	314	315	\N	t	1	\N	{"score": 0.0}	\N	\N			
158	1	\N	316	317	\N	t	1	\N	{"score": 0.0}	\N	\N			
159	1	\N	318	319	\N	t	1	\N	{"score": 0.0}	\N	\N			
160	1	\N	320	321	\N	t	1	\N	{"score": 0.0}	\N	\N			
161	1	\N	322	323	\N	t	1	\N	{"score": 0.0}	\N	\N			
162	1	\N	324	325	\N	t	1	\N	{"score": 0.0}	\N	\N			
163	1	\N	326	327	\N	t	1	\N	{"score": 0.0}	\N	\N			
164	1	\N	328	329	\N	t	1	\N	{"score": 0.0}	\N	\N			
165	1	\N	330	331	\N	t	1	\N	{"score": 0.0}	\N	\N			
166	1	\N	332	333	\N	t	1	\N	{"score": 0.0}	\N	\N			
167	1	\N	334	335	\N	t	1	\N	{"score": 0.0}	\N	\N			
168	1	\N	336	337	\N	t	1	\N	{"score": 0.0}	\N	\N			
169	1	\N	338	339	\N	t	1	\N	{"score": 0.0}	\N	\N			
170	1	\N	340	341	\N	t	1	\N	{"score": 0.0}	\N	\N			
171	1	\N	342	343	\N	t	1	\N	{"score": 0.0}	\N	\N			
172	1	\N	344	345	\N	t	1	\N	{"score": 0.0}	\N	\N			
173	1	\N	346	347	\N	t	1	\N	{"score": 0.0}	\N	\N			
174	1	\N	348	349	\N	t	1	\N	{"score": 0.0}	\N	\N			
175	1	\N	350	351	\N	t	1	\N	{"score": 0.0}	\N	\N			
176	1	\N	352	353	\N	t	1	\N	{"score": 0.0}	\N	\N			
177	1	\N	354	355	\N	t	1	\N	{"score": 0.0}	\N	\N			
178	1	\N	356	357	\N	t	1	\N	{"score": 0.0}	\N	\N			
179	1	\N	358	359	\N	t	1	\N	{"score": 0.0}	\N	\N			
180	1	\N	360	361	\N	t	1	\N	{"score": 0.0}	\N	\N			
181	1	\N	362	363	\N	t	1	\N	{"score": 0.0}	\N	\N			
182	1	\N	364	365	\N	t	1	\N	{"score": 0.0}	\N	\N			
183	1	\N	366	367	\N	t	1	\N	{"score": 0.0}	\N	\N			
184	1	\N	368	369	\N	t	1	\N	{"score": 0.0}	\N	\N			
185	1	\N	370	371	\N	t	1	\N	{"score": 0.0}	\N	\N			
186	1	\N	372	373	\N	t	1	\N	{"score": 0.0}	\N	\N			
187	1	\N	374	375	\N	t	1	\N	{"score": 0.0}	\N	\N			
188	1	\N	376	377	\N	t	1	\N	{"score": 0.0}	\N	\N			
189	1	\N	378	379	\N	t	1	\N	{"score": 0.0}	\N	\N			
190	1	\N	380	381	\N	t	1	\N	{"score": 0.0}	\N	\N			
191	1	\N	382	383	\N	t	1	\N	{"score": 0.0}	\N	\N			
192	1	\N	384	385	\N	t	1	\N	{"score": 0.0}	\N	\N			
193	1	\N	386	387	\N	t	1	\N	{"score": 0.0}	\N	\N			
194	1	\N	388	389	\N	t	1	\N	{"score": 0.0}	\N	\N			
195	1	\N	390	391	\N	t	1	\N	{"score": 0.0}	\N	\N			
196	1	\N	392	393	\N	t	1	\N	{"score": 0.0}	\N	\N			
197	1	\N	394	395	\N	t	1	\N	{"score": 0.0}	\N	\N			
198	1	\N	396	397	\N	t	1	\N	{"score": 0.0}	\N	\N			
199	1	\N	398	399	\N	t	1	\N	{"score": 0.0}	\N	\N			
200	1	\N	400	401	\N	t	1	\N	{"score": 0.0}	\N	\N			
201	1	\N	402	403	\N	t	1	\N	{"score": 0.0}	\N	\N			
202	1	\N	404	405	\N	t	1	\N	{"score": 0.0}	\N	\N			
203	1	\N	406	407	\N	t	1	\N	{"score": 0.0}	\N	\N			
204	1	\N	408	409	\N	t	1	\N	{"score": 0.0}	\N	\N			
205	1	\N	410	411	\N	t	1	\N	{"score": 0.0}	\N	\N			
206	1	\N	412	413	\N	t	1	\N	{"score": 0.0}	\N	\N			
207	1	\N	414	415	\N	t	1	\N	{"score": 0.0}	\N	\N			
208	1	\N	416	417	\N	t	1	\N	{"score": 0.0}	\N	\N			
209	1	\N	418	419	\N	t	1	\N	{"score": 0.0}	\N	\N			
210	1	\N	420	421	\N	t	1	\N	{"score": 0.0}	\N	\N			
211	1	\N	422	423	\N	t	1	\N	{"score": 0.0}	\N	\N			
212	1	\N	424	425	\N	t	1	\N	{"score": 0.0}	\N	\N			
213	1	\N	426	427	\N	t	1	\N	{"score": 0.0}	\N	\N			
214	1	\N	428	429	\N	t	1	\N	{"score": 0.0}	\N	\N			
215	1	\N	430	431	\N	t	1	\N	{"score": 0.0}	\N	\N			
216	1	\N	432	433	\N	t	1	\N	{"score": 0.0}	\N	\N			
217	1	\N	434	435	\N	t	1	\N	{"score": 0.0}	\N	\N			
218	1	\N	436	437	\N	t	1	\N	{"score": 0.0}	\N	\N			
219	1	\N	438	439	\N	t	1	\N	{"score": 0.0}	\N	\N			
220	1	\N	440	441	\N	t	1	\N	{"score": 0.0}	\N	\N			
221	1	\N	442	443	\N	t	1	\N	{"score": 0.0}	\N	\N			
222	1	\N	444	445	\N	t	1	\N	{"score": 0.0}	\N	\N			
\.


--
-- Data for Name: uploads; Type: TABLE DATA; Schema: public; Owner: xiadmin
--

COPY public.uploads (id, user_id, filename, peak_list_file_names, analysis_software, provider, audits, samples, analyses, protocol, bib, spectra_formats, upload_time, default_pdb, contains_crosslinks, upload_error, error_type, upload_warnings, origin, random_id, deleted, ident_count, ident_file_size, zipped_peak_list_file_size) FROM stdin;
1	0	results.csv	\N	\N	\N	\N	\N	\N	\N	\N	\N	\N	\N	\N	\N	\N	\N	-	0	f	\N	\N	\N
\.


--
-- Data for Name: user_in_group; Type: TABLE DATA; Schema: public; Owner: xiadmin
--

COPY public.user_in_group (user_id, group_id) FROM stdin;
\.


--
-- Data for Name: users; Type: TABLE DATA; Schema: public; Owner: xiadmin
--

COPY public.users (user_name, password, email, max_aas, max_spectra, gdpr_token, id, ptoken, hidden, ptoken_timestamp, gdpr_timestamp) FROM stdin;
\.


--
-- Name: uploads_id_seq; Type: SEQUENCE SET; Schema: public; Owner: xiadmin
--

SELECT pg_catalog.setval('public.uploads_id_seq', 1, true);


--
-- Name: users_id_seq; Type: SEQUENCE SET; Schema: public; Owner: xiadmin
--

SELECT pg_catalog.setval('public.users_id_seq', 1, false);


--
-- Name: layouts layouts_pkey; Type: CONSTRAINT; Schema: public; Owner: xiadmin
--

ALTER TABLE ONLY public.layouts
    ADD CONSTRAINT layouts_pkey PRIMARY KEY (search_id, user_id, "time");


--
-- Name: uploads uploads_pkey; Type: CONSTRAINT; Schema: public; Owner: xiadmin
--

ALTER TABLE ONLY public.uploads
    ADD CONSTRAINT uploads_pkey PRIMARY KEY (id);


--
-- Name: peptide_evidences_upload_id_idx; Type: INDEX; Schema: public; Owner: xiadmin
--

CREATE INDEX peptide_evidences_upload_id_idx ON public.peptide_evidences USING btree (upload_id);


--
-- Name: peptides_upload_id_idx; Type: INDEX; Schema: public; Owner: xiadmin
--

CREATE INDEX peptides_upload_id_idx ON public.peptides USING btree (upload_id);


--
-- Name: spectra_upload_id_idx; Type: INDEX; Schema: public; Owner: xiadmin
--

CREATE INDEX spectra_upload_id_idx ON public.spectra USING btree (upload_id);


--
-- Name: spectrum_identifications_upload_id_idx; Type: INDEX; Schema: public; Owner: xiadmin
--

CREATE INDEX spectrum_identifications_upload_id_idx ON public.spectrum_identifications USING btree (upload_id);


--
-- PostgreSQL database dump complete
--

